index,y,p,index,age,height_cm,weight_kg,heart_rate,blood_pressure,sleep_hours,nutrition_quality,activity_index,smokes,is_fit,gender_M
0,1,0.558175966169656,1,69,186,95,60.8,114.8,7.5,8.77,3.19,0,1,0
1,1,0.8815631846287665,3,32,189,83,60.2,130.1,7.0,6.18,3.68,0,1,1
2,1,0.648153395322932,4,60,175,99,58.1,115.8,8.0,9.95,4.83,1,1,0
3,0,0.8036039540373116,5,25,172,85,81.2,119.2,7.7,7.35,4.08,1,0,1
4,0,0.01692930966641099,6,78,193,83,79.6,132.5,7.4,2.16,3.42,1,0,0
5,1,0.9837087824986384,7,38,188,57,81.2,110.6,6.6,8.47,4.96,0,1,1
6,0,0.11801359825913453,8,56,164,108,70.1,140.9,9.1,4.15,2.06,0,0,0
7,0,0.016814802633574676,9,75,198,55,67.1,129.5,8.1,0.36,1.25,0,0,0
8,0,0.36949685536666327,10,36,153,63,67.3,92.1,5.9,3.21,1.13,0,0,1
9,1,0.9558369684030796,11,40,178,55,82.3,112.3,8.5,7.64,3.84,0,1,1
10,1,0.9851615230099565,12,28,171,90,48.2,90.0,8.8,9.6,4.32,0,1,0
11,1,0.8064224568149372,13,28,174,89,63.8,117.0,7.4,2.76,3.54,0,1,1
12,0,0.41176030343612663,15,70,167,84,86.3,132.5,4.4,5.64,3.79,0,0,1
13,1,0.7460178712656783,16,53,182,63,64.3,106.8,6.2,8.12,2.48,0,1,1
14,0,0.24351086454079984,17,57,165,116,50.4,125.8,8.8,7.47,1.73,0,0,0
15,1,0.5296455204939364,18,41,194,116,72.7,128.5,6.3,5.6,4.7,1,1,1
16,1,0.4190649093516778,19,20,191,105,65.6,123.9,7.3,6.31,1.41,0,1,0
17,0,0.06829883232123644,20,39,193,56,63.3,137.1,6.2,2.42,3.17,1,0,0
18,0,0.00872651015691456,21,70,151,105,62.1,151.0,7.8,4.33,2.26,1,0,0
19,1,0.8401077232107916,23,41,191,89,78.5,126.1,8.1,8.84,3.58,0,1,0
20,0,0.007313709314126951,24,61,183,113,72.7,106.8,5.8,1.13,1.92,1,0,0
21,0,0.6720176506790957,25,47,179,52,67.6,104.7,7.7,6.8,4.67,1,0,0
22,0,0.22449884158092318,26,55,162,69,56.8,135.5,9.9,2.6,2.62,0,0,0
23,1,0.8194320269035985,27,19,162,90,68.0,133.5,8.6,4.76,3.71,0,1,0
24,0,0.14807401441459211,28,77,167,74,73.1,104.6,7.6,2.99,3.91,1,0,1
25,1,0.579565133855759,29,38,181,91,73.6,100.4,4.6,3.23,3.73,0,1,0
26,0,0.5229255188692672,30,50,181,30,71.9,110.3,7.1,2.6,4.61,1,0,1
27,1,0.2679123772907432,31,29,184,91,58.9,117.9,10.0,7.53,1.92,1,1,0
28,0,0.08153160314112205,32,75,188,62,45.0,113.9,9.5,3.66,1.34,0,0,0
29,0,0.11357386549693724,33,39,195,110,91.6,122.4,8.2,7.26,1.22,1,0,1
30,0,0.08838588735781051,36,42,178,80,71.6,128.0,8.7,5.43,2.21,1,0,0
31,1,0.9289313230781656,37,66,193,35,49.5,90.0,8.9,9.76,3.77,0,1,0
32,0,0.037236577151523946,38,44,165,72,60.3,95.8,8.0,3.67,1.04,1,0,0
33,0,0.05804947671416574,39,76,193,84,76.6,108.1,8.8,2.08,1.75,0,0,0
34,0,0.6201799015387244,40,59,196,59,91.3,110.5,7.4,9.12,3.76,1,0,1
35,0,0.05117263845243862,41,45,159,85,74.7,132.6,7.3,1.75,1.26,0,0,0
36,0,0.4034992838913424,42,77,179,83,64.7,106.8,6.8,8.34,2.87,0,0,0
37,0,0.7519239014372749,43,33,174,46,69.4,130.0,8.1,1.5,3.65,0,0,1
38,0,0.9621830295657229,44,32,188,107,48.3,108.2,9.0,6.59,4.06,0,0,1
39,0,0.13306252233732035,45,79,169,73,64.6,102.0,8.6,1.51,2.82,0,0,0
40,0,0.6802534918188861,46,79,154,118,64.6,102.7,5.7,9.23,3.52,0,0,1
41,0,0.24787778297892185,47,64,150,110,71.8,153.9,5.8,5.65,3.16,0,0,1
42,0,0.08683341822462583,48,79,179,95,93.3,107.9,9.2,3.29,1.21,0,0,1
43,0,0.03298530160833453,49,68,198,119,46.8,130.4,7.8,1.4,3.97,1,0,0
44,0,0.03494216736895538,50,61,152,54,65.1,96.6,7.8,3.71,1.69,1,0,0
45,0,0.07461760516724172,51,72,194,58,48.0,141.3,7.8,7.05,1.13,0,0,0
46,0,0.5028609019798411,52,69,163,35,64.0,125.2,10.1,3.85,2.8,0,0,1
47,0,0.04843523928477195,53,74,179,117,59.6,124.1,6.8,2.46,4.46,1,0,0
48,0,0.5594099346005763,54,20,199,83,52.1,126.2,9.2,5.77,1.6,0,0,0
49,0,0.15175244341354405,55,54,153,72,81.0,127.9,7.9,4.18,1.05,0,0,1
50,0,0.020539226566647566,56,68,167,47,73.1,132.1,5.1,1.66,1.44,0,0,0
51,1,0.8945814874993187,58,38,174,71,63.6,110.1,6.6,7.07,3.32,0,1,1
52,0,0.2347402420114261,60,56,150,82,89.1,130.3,9.3,2.33,4.21,1,0,1
53,1,0.9262852741288286,61,35,195,47,70.0,119.0,8.0,7.73,4.01,0,1,0
54,1,0.5758147987714047,62,21,164,60,79.7,131.6,6.7,0.88,3.78,0,1,0
55,0,0.06592561555260192,63,42,158,84,62.6,129.3,6.1,3.82,2.95,1,0,0
56,0,0.09093375446769679,64,77,164,46,78.6,116.7,9.2,5.07,2.46,1,0,1
57,0,0.10908632765269753,65,31,198,85,63.4,93.8,5.6,2.69,2.5,1,0,0
58,0,0.39107464459232943,66,67,173,56,47.2,112.4,7.3,5.3,3.01,0,0,0
59,0,0.2746844523541902,67,75,153,79,69.9,146.1,11.0,8.83,1.31,0,0,1
60,1,0.14645404525392747,69,43,186,99,50.5,110.4,5.6,1.01,2.41,0,1,0
61,0,0.5069973101617244,71,19,192,106,59.3,130.1,11.1,9.79,2.11,1,0,0
62,0,0.598823451378585,73,45,188,69,52.4,138.5,6.2,6.93,4.61,1,0,1
63,0,0.009272079908366431,74,64,195,67,55.4,127.4,7.2,2.53,1.68,1,0,0
64,0,0.23634538690638587,75,77,173,68,80.4,103.5,6.5,3.56,4.53,1,0,1
65,0,0.1629663511376697,76,24,160,82,68.4,132.8,4.7,1.91,3.29,1,0,1
66,1,0.4361984598734493,78,78,183,65,74.6,117.3,7.6,8.83,2.9,0,1,0
67,1,0.912990662815631,79,25,174,98,63.0,104.8,8.6,2.97,4.71,0,1,0
68,1,0.2607500105411809,80,64,156,62,53.5,129.5,7.5,8.24,1.85,0,1,0
69,0,0.5854974732744964,81,52,153,80,82.9,117.8,7.7,3.58,3.22,0,0,1
70,0,0.11686705248445628,82,31,157,89,54.5,130.1,4.1,0.99,1.5,0,0,1
71,0,0.5149469345182504,83,34,169,117,76.7,111.7,8.9,7.58,2.79,1,0,1
72,1,0.24348233428256574,84,53,178,97,81.0,110.0,5.9,5.96,3.28,1,1,1
73,0,0.017321065059784105,86,57,195,104,66.4,125.9,6.7,2.53,2.46,1,0,0
74,0,0.7854411506714378,87,21,159,76,58.2,109.8,4.4,9.76,1.31,0,0,1
75,1,0.9133494605596274,88,19,192,111,75.6,117.0,6.6,8.63,3.62,0,1,0
76,0,0.30703781738065455,89,79,183,111,45.0,112.2,6.5,8.1,2.95,0,0,0
77,0,0.16069603233496096,90,23,175,72,78.6,126.6,6.9,1.28,1.55,0,0,0
78,1,0.8892176388153559,91,71,190,88,71.4,94.0,4.9,7.55,4.74,0,1,1
79,0,0.1952678340026307,92,59,198,85,67.3,123.7,8.9,2.15,4.82,1,0,0
80,0,0.16215328915948113,94,71,155,67,53.5,138.5,6.2,0.52,4.38,0,0,0
81,0,0.017464668099552876,95,46,154,119,45.0,110.8,6.6,3.52,1.39,1,0,0
82,1,0.5263727226634052,96,35,154,92,75.6,127.4,8.8,4.29,4.97,1,1,0
83,0,0.01635177332827825,98,61,172,101,49.1,142.0,5.6,7.66,1.65,1,0,0
84,1,0.5208242924374218,100,27,158,68,79.0,136.7,5.9,5.66,1.9,0,1,1
85,1,0.9289375470396101,103,31,198,100,82.9,108.4,9.1,8.02,2.9,0,1,1
86,1,0.9619089495734768,104,48,191,72,80.0,100.5,10.5,9.47,3.23,0,1,1
87,0,0.28799874027455363,105,65,184,81,60.8,110.8,9.5,0.32,2.78,0,0,1
88,0,0.15938613595827866,106,32,199,51,76.3,103.8,7.4,0.46,1.28,0,0,0
89,0,0.6574323316556155,107,25,167,112,87.9,122.7,10.9,3.45,2.94,0,0,0
90,0,0.5238371937400268,108,31,166,81,68.0,128.8,8.3,0.88,2.88,0,0,1
91,0,0.04926520587256189,109,40,173,100,68.6,116.2,6.0,4.79,2.05,1,0,0
92,0,0.25765536536847766,110,77,152,109,71.7,142.5,7.6,7.29,4.69,1,0,1
93,0,0.21565119118727274,112,79,184,91,73.2,115.4,5.6,1.96,4.46,0,0,0
94,0,0.3175125198627231,113,57,187,64,72.9,112.9,5.7,6.55,1.44,0,0,1
95,0,0.3726280503799423,115,33,196,73,67.7,130.5,8.6,9.32,1.71,1,0,1
96,0,0.09560596720239846,116,62,174,118,78.1,127.4,9.1,1.47,2.63,0,0,0
97,0,0.27031420526096567,117,35,158,104,68.1,118.1,5.6,6.92,1.45,0,0,0
98,1,0.641752698310453,118,64,153,62,77.7,99.9,7.0,9.11,2.76,0,1,0
99,1,0.3672293188852149,119,70,163,79,67.0,115.2,8.2,5.02,2.42,0,1,1
100,0,0.05302251101319032,120,41,186,87,76.9,142.2,7.7,3.62,1.89,1,0,1
101,0,0.6271498925076572,121,43,183,55,78.7,135.2,8.5,1.71,3.57,0,0,1
102,1,0.64564996119037,122,42,160,93,57.2,124.4,6.8,8.67,4.8,1,1,0
103,1,0.18548938330362458,123,77,190,82,83.2,114.2,9.4,3.94,1.83,0,1,1
104,1,0.7592838620341362,124,77,152,108,68.0,119.8,7.5,9.25,3.85,0,1,1
105,0,0.20194613586613722,126,62,178,52,61.5,137.9,6.9,3.77,2.99,0,0,0
106,1,0.38701424026200854,127,58,158,78,73.6,107.4,7.6,5.74,4.59,1,1,0
107,0,0.061842769500622695,129,32,174,100,74.4,112.1,6.2,2.63,2.45,1,0,0
108,0,0.1889203364857454,130,62,183,109,74.7,139.8,7.2,7.1,3.6,1,0,1
109,1,0.8952219049734351,131,18,161,75,77.3,126.4,7.7,6.78,3.65,0,1,0
110,0,0.28113778698609665,133,24,158,94,70.5,115.4,6.9,8.09,2.27,1,0,0
111,1,0.8306564604700059,134,26,164,113,61.2,130.7,5.4,2.36,4.73,0,1,1
112,1,0.9412842572020097,135,41,189,74,45.8,112.5,10.1,4.61,4.16,0,1,1
113,0,0.45839184317347903,136,18,174,103,55.7,120.3,9.1,4.73,1.46,0,0,0
114,0,0.01671690228682369,137,61,154,111,84.8,112.3,5.8,3.41,1.48,1,0,1
115,1,0.8502596682630784,138,25,160,119,78.6,146.4,8.2,9.55,4.69,1,1,1
116,0,0.3809269592293667,139,41,183,89,53.8,149.0,8.8,6.97,1.33,0,0,1
117,1,0.881629137313337,140,28,173,48,99.6,141.9,7.7,5.39,3.75,0,1,1
118,0,0.1457118714765043,141,68,164,70,73.9,118.1,8.0,5.11,1.91,0,0,0
119,0,0.10520722321826605,142,34,187,71,75.5,114.0,6.6,1.59,1.14,0,0,0
120,0,0.21374032991592715,144,52,154,108,90.9,143.0,6.8,6.73,2.49,0,0,0
121,1,0.26426717681445344,145,52,197,95,79.4,134.0,4.0,9.25,1.31,0,1,1
122,1,0.7993292122799632,146,50,175,94,80.0,134.7,7.8,8.16,3.39,0,1,1
123,0,0.0315128907154736,147,76,167,50,81.1,116.3,5.0,3.0,3.59,1,0,0
124,0,0.868056392588962,148,22,155,103,67.1,93.6,9.0,4.34,2.49,0,0,1
125,0,0.08774160911566482,149,59,186,59,73.4,97.1,5.8,0.83,3.97,1,0,0
126,0,0.0344255286526283,150,56,197,74,76.9,120.9,4.0,1.02,2.96,1,0,1
127,0,0.11716786848257384,151,75,162,86,68.5,112.2,4.8,4.7,2.72,0,0,0
128,1,0.361418241181479,152,58,177,81,58.4,110.4,7.4,5.3,2.63,0,1,0
129,0,0.442735778896512,153,45,154,86,66.8,125.2,7.8,2.64,2.72,0,0,1
130,1,0.9082527557863928,154,24,162,79,58.1,135.2,5.4,6.43,4.87,0,1,0
131,1,0.9543319888623013,155,26,166,50,70.8,109.5,5.9,7.03,3.73,0,1,1
132,0,0.12543358002710764,156,25,199,112,48.6,100.4,7.5,2.99,2.26,1,0,0
133,1,0.9773770905413767,157,29,189,62,74.1,109.8,9.0,7.58,3.94,0,1,1
134,0,0.13376826615714235,158,51,194,117,50.4,104.3,5.7,2.06,2.32,0,0,0
135,0,0.2320247627279694,159,50,181,35,65.2,128.9,8.1,5.44,1.5,0,0,0
136,0,0.30778695061484984,160,65,178,103,76.0,119.9,4.9,8.04,2.9,0,0,0
137,0,0.4841540722971536,161,72,152,91,79.5,148.2,8.0,5.37,4.0,0,0,1
138,1,0.7266676515621201,162,40,189,61,78.1,131.0,8.6,9.08,2.51,0,1,0
139,0,0.057683516586770005,163,79,183,66,73.8,147.2,8.3,0.59,4.48,1,0,1
140,0,0.2176741231322641,164,41,189,112,56.6,98.9,9.0,5.88,2.55,1,0,0
141,0,0.4831268966944212,165,54,176,113,81.8,90.0,8.9,5.62,2.4,0,0,0
142,1,0.96310092989054,166,52,162,81,56.8,123.6,10.3,6.6,4.99,0,1,1
143,0,0.13565362540717238,167,61,194,93,83.1,121.8,7.7,8.33,2.93,1,0,0
144,1,0.9424052672248682,168,57,182,57,77.5,118.2,10.3,7.26,4.22,0,1,1
145,1,0.933022903344955,169,39,155,78,86.3,121.4,6.1,7.9,4.22,0,1,1
146,0,0.544594696129066,170,44,173,97,70.3,103.1,7.2,2.89,4.71,1,0,1
147,0,0.1572760403335178,171,52,168,95,60.2,128.4,7.3,3.87,1.34,0,0,1
148,0,0.7685740755338962,172,18,165,47,54.5,131.0,5.9,6.27,2.08,0,0,1
149,0,0.21883071894033407,173,52,189,86,55.8,102.0,4.0,5.53,4.07,1,0,0
150,1,0.6250861341829121,174,54,177,76,50.4,114.7,8.8,9.61,3.25,1,1,1
151,0,0.1459794508222867,175,64,182,95,81.3,115.6,6.1,1.87,3.24,0,0,0
152,1,0.44978514892842314,176,31,197,90,82.8,109.9,6.9,3.51,1.66,0,1,1
153,1,0.9070521104524926,177,20,190,65,76.6,102.6,9.9,5.73,2.12,0,1,1
154,1,0.9136476774408292,178,18,162,88,69.6,120.2,8.4,8.68,3.09,0,1,0
155,1,0.8701183882335485,179,22,192,55,94.7,123.9,10.1,9.29,2.11,0,1,0
156,0,0.07684453396942241,180,43,194,112,68.8,110.8,7.7,3.36,1.84,1,0,1
157,0,0.01563878868575084,181,72,174,45,72.7,103.6,8.3,0.67,1.35,1,0,1
158,0,0.0393117416107904,182,31,191,107,69.4,126.2,7.1,4.22,1.62,1,0,0
159,0,0.5957401446569153,183,56,185,68,65.9,108.5,6.2,3.94,4.08,0,0,0
160,1,0.968749984497439,184,44,176,57,77.6,115.4,8.3,9.86,3.88,0,1,1
161,0,0.13324950257165147,185,26,187,55,62.4,113.5,6.8,4.31,1.18,1,0,1
162,0,0.07363330109392469,186,32,156,95,61.6,138.7,8.5,3.06,1.81,1,0,1
163,1,0.6471964257711652,187,32,154,61,78.2,109.2,6.6,3.65,3.24,0,1,0
164,0,0.3547288766548171,188,43,192,68,64.0,145.9,7.2,3.97,2.29,0,0,1
165,0,0.792500788996967,189,59,194,63,71.6,131.3,7.4,8.22,4.29,0,0,0
166,0,0.13916771724161664,190,77,180,81,65.9,147.3,9.1,0.81,4.14,0,0,0
167,1,0.9061126867546818,191,30,172,52,69.9,130.0,6.9,3.17,4.57,0,1,1
168,1,0.8663837497609045,192,68,191,72,61.9,116.7,9.3,9.66,3.25,0,1,1
169,0,0.03769776070031443,193,49,159,49,62.3,106.2,6.1,1.53,2.41,1,0,0
170,1,0.8570016756710409,194,56,181,61,60.2,114.7,7.9,7.43,3.42,0,1,1
171,0,0.009475379464375662,195,66,192,80,80.1,142.3,6.5,3.56,1.36,1,0,1
172,0,0.10525456776177006,196,69,179,63,72.1,119.3,9.2,5.82,1.04,0,0,0
173,0,0.014501026954753644,197,78,188,108,81.0,129.9,6.3,1.0,1.07,0,0,1
174,0,0.0797024562206938,199,21,167,98,64.5,123.7,5.6,5.01,1.91,1,0,0
175,0,0.03444165018677374,200,47,185,89,80.6,124.3,7.7,2.32,1.63,1,0,1
176,0,0.1967592943660559,201,54,151,35,69.8,127.4,8.4,5.42,3.46,1,0,0
177,0,0.5017185168921268,202,40,163,56,68.1,107.8,8.2,2.2,4.98,1,0,0
178,0,0.41901590853058884,203,56,162,65,85.0,115.9,7.3,6.5,1.71,0,0,1
179,1,0.6077858331825086,204,62,178,55,76.6,124.6,6.5,9.04,3.19,0,1,0
180,0,0.25498461581417814,205,32,161,49,65.8,122.5,7.1,0.85,1.48,0,0,1
181,1,0.5286552234893025,206,60,188,100,75.9,113.1,7.1,2.17,4.74,0,1,0
182,1,0.5541602680737095,207,46,151,64,54.8,126.2,7.9,8.44,2.17,0,1,0
183,0,0.45722502189170433,208,53,181,85,73.0,108.4,7.8,6.32,4.51,1,0,0
184,0,0.09167511499665391,209,30,162,90,52.0,101.7,10.1,0.79,2.13,1,0,0
185,1,0.7479151356766702,210,49,195,56,58.2,124.4,7.6,4.86,4.22,0,1,0
186,0,0.06851644285658222,211,24,176,114,77.0,102.0,8.0,2.1,1.84,1,0,0
187,0,0.059820987684940666,212,76,198,61,45.0,124.2,7.6,1.99,2.17,0,0,0
188,1,0.6447773157155051,213,68,190,63,91.6,90.7,7.0,9.41,1.77,0,1,1
189,0,0.20188670750151477,214,39,166,70,80.0,109.1,8.0,7.62,2.06,1,0,0
190,1,0.6673016407719387,215,45,189,92,47.9,115.1,6.9,6.96,4.34,1,1,1
191,0,0.782200513374819,216,19,180,96,98.8,95.9,7.4,2.39,3.56,0,0,0
192,0,0.02202361442739825,217,59,183,114,102.1,114.4,9.2,1.19,2.62,1,0,0
193,1,0.8940548197277487,218,62,173,99,67.8,137.8,6.8,8.71,4.89,0,1,1
194,0,0.1392904245107956,219,79,194,119,58.9,100.9,8.1,0.06,2.86,0,0,1
195,0,0.18557756970601808,220,74,184,77,90.2,114.8,4.0,3.88,4.88,1,0,1
196,0,0.025244136708566026,221,70,197,106,65.9,145.5,7.2,2.78,1.79,0,0,0
197,1,0.9776620585245136,222,23,155,67,71.9,104.1,6.8,5.7,4.62,0,1,1
198,0,0.008772832925924507,223,45,168,59,84.6,141.0,7.7,2.51,1.06,1,0,0
199,0,0.439815664187748,224,45,179,71,68.2,115.8,7.1,3.11,3.18,0,0,0
200,0,0.6167914049047211,225,61,156,119,67.1,121.5,7.7,8.5,2.69,0,0,1
201,0,0.2516626508358522,226,61,159,108,54.7,139.4,6.9,6.03,3.1,0,0,0
202,0,0.2140519226616469,227,37,190,95,62.4,112.7,8.1,1.46,3.21,1,0,1
203,0,0.5221992242945137,228,47,181,97,66.9,129.5,4.9,7.26,2.56,0,0,1
204,1,0.9549861991446509,230,28,177,91,56.2,110.2,6.1,4.33,4.91,0,1,1
205,1,0.8446694022957296,231,75,164,48,70.4,108.6,9.3,6.47,4.85,0,1,0
206,1,0.5271869992209327,232,72,179,51,47.8,116.6,6.1,2.72,4.92,0,1,0
207,0,0.5248823204111118,233,45,186,79,59.5,117.0,9.0,3.84,4.17,1,0,1
208,1,0.9738201565875091,234,42,178,92,93.3,103.8,7.5,7.34,4.95,0,1,1
209,1,0.8344599505642012,235,56,171,117,65.9,110.4,4.8,9.38,4.57,0,1,0
210,0,0.03225755709402736,236,79,153,116,64.4,90.0,6.2,5.29,2.66,1,0,0
211,1,0.8684614152929528,238,18,181,116,66.0,133.4,8.7,3.38,4.65,0,1,0
212,0,0.4084459999634434,239,74,185,63,76.9,95.0,5.6,3.99,3.85,0,0,0
213,1,0.43069007409416976,240,44,199,107,76.1,113.1,9.8,3.39,2.69,0,1,0
214,0,0.015268534306609759,241,79,153,82,65.3,156.6,7.5,4.36,1.26,0,0,0
215,1,0.7488597325412053,242,74,176,111,67.4,119.7,8.8,6.33,4.24,0,1,1
216,0,0.032934601196205435,243,69,166,103,85.8,140.4,5.7,1.21,4.81,1,0,0
217,1,0.5835356982223324,244,30,161,113,51.9,104.8,6.8,2.73,2.45,0,1,1
218,0,0.058896069437817285,245,58,171,57,69.3,126.7,8.1,5.08,1.61,1,0,1
219,0,0.7261274333843531,246,20,166,91,71.6,102.3,7.0,3.16,2.31,0,0,1
220,0,0.15327623643956376,247,56,159,105,60.7,126.0,4.0,9.91,3.33,1,0,0
221,0,0.10429169535916603,248,23,150,75,68.6,132.6,7.2,4.31,2.27,1,0,0
222,1,0.9214870398421923,249,25,171,66,59.1,129.1,4.6,8.7,3.44,0,1,1
223,1,0.6728104561700371,250,44,175,87,77.6,114.8,5.9,8.97,4.87,1,1,0
224,1,0.6425883080703578,251,26,167,111,53.9,124.1,5.4,8.36,3.68,1,1,1
225,0,0.08712562629221009,252,79,199,98,82.7,124.3,9.2,0.47,2.45,0,0,1
226,1,0.9447229900084114,253,54,163,54,69.1,130.0,9.7,9.48,4.74,0,1,0
227,0,0.060270224171104655,254,50,196,86,64.6,118.1,8.0,1.29,3.26,1,0,0
228,0,0.0021915419567337113,255,68,178,108,57.9,134.0,7.2,0.34,1.51,1,0,0
229,0,0.3796023980473952,256,59,161,65,82.4,141.5,7.5,4.14,3.0,0,0,1
230,1,0.5212262206518508,257,61,185,110,62.2,115.2,9.2,1.95,3.61,0,1,1
231,0,0.4940960664482831,258,41,184,85,56.0,120.7,4.5,1.84,4.35,0,0,0
232,0,0.6406438001586059,259,32,161,68,82.6,106.4,5.9,2.88,4.75,1,0,1
233,0,0.026549367256346074,260,76,156,79,59.1,125.1,9.0,2.48,2.27,1,0,1
234,0,0.05208537149023122,261,71,178,100,68.9,125.2,9.3,6.85,1.62,1,0,1
235,0,0.012828081123035743,262,49,160,74,79.8,120.9,8.4,1.87,1.3,1,0,0
236,1,0.5320623646867098,264,41,155,91,90.8,148.8,9.0,9.86,4.18,1,1,0
237,1,0.3764734081509321,266,69,164,63,67.5,112.6,8.6,6.42,2.58,0,1,0
238,1,0.6635421289455503,267,66,181,52,68.4,114.8,4.0,9.69,4.82,1,1,1
239,1,0.18689056082085212,270,75,175,74,70.9,127.5,6.7,8.5,4.12,1,1,0
240,1,0.7794566834487199,271,69,183,51,68.3,138.9,7.8,9.32,3.49,0,1,1
241,0,0.07956480137982923,272,29,195,111,52.2,117.3,6.7,6.01,1.62,1,0,0
242,0,0.008371977275183996,273,79,183,109,71.3,129.8,6.2,1.43,2.43,1,0,1
243,1,0.5271767661855568,274,56,178,80,62.2,112.0,9.8,9.01,1.71,0,1,0
244,0,0.4877318930503511,275,19,153,69,77.4,104.2,7.8,1.74,2.18,0,0,0
245,1,0.5297034736642701,276,20,166,81,65.1,146.9,5.8,3.53,3.46,0,1,0
246,0,0.12509259552635624,277,66,184,45,67.1,125.5,5.4,3.76,2.5,0,0,0
247,0,0.23226069844191247,278,54,162,59,52.5,129.7,6.2,4.47,2.58,0,0,0
248,1,0.5670953041613087,279,66,190,81,48.3,103.8,6.2,7.9,3.16,0,1,0
249,0,0.0216658722477864,280,73,188,57,92.3,127.7,7.7,8.02,1.35,1,0,0
250,0,0.15008757066739356,282,76,178,49,74.9,115.8,8.2,0.22,2.61,0,0,1
251,1,0.5255794421016637,283,66,178,104,59.1,101.2,6.4,5.65,2.92,0,1,1
252,1,0.9856023932409161,284,19,160,117,80.5,122.8,8.9,7.47,4.9,0,1,1
253,0,0.5746580707881088,285,19,181,45,78.3,104.5,9.3,4.45,2.38,1,0,1
254,0,0.7666363420939689,286,45,151,80,60.4,96.6,7.1,9.45,3.59,1,0,1
255,0,0.3613795766331964,287,71,196,79,57.3,109.0,6.0,8.24,2.57,0,0,0
256,1,0.6108010926832252,289,54,169,107,69.7,105.2,10.7,0.62,4.39,0,1,0
257,0,0.19751562601056857,290,49,171,67,72.0,139.9,5.9,6.52,1.97,0,0,0
258,0,0.28916888803455004,291,50,160,53,70.5,148.3,6.7,9.12,3.77,1,0,0
259,1,0.44802069957048246,292,18,176,78,85.6,129.3,7.6,3.79,1.26,0,1,1
260,1,0.9776118687737578,293,36,152,90,61.4,125.8,8.3,8.38,4.85,0,1,1
261,0,0.009353158631964464,294,79,166,48,57.0,117.9,4.5,3.13,2.4,1,0,0
262,1,0.9842703615349507,295,19,193,74,70.0,106.6,9.5,5.7,4.33,0,1,1
263,0,0.26927895808658353,296,70,177,119,49.7,144.0,9.4,6.48,2.27,0,0,1
264,1,0.47282608687348376,297,61,178,116,78.3,119.1,6.9,6.78,3.53,0,1,0
265,1,0.40219589171233516,299,49,196,58,65.9,135.2,9.3,2.35,4.51,1,1,1
266,0,0.13478234966829977,300,23,165,104,65.3,118.9,9.3,2.62,1.64,1,0,1
267,0,0.6141446030731127,301,49,186,89,80.9,134.7,9.3,7.04,3.19,0,0,0
268,0,0.03737258639397759,302,72,169,78,80.5,113.9,9.2,1.77,2.39,1,0,1
269,0,0.5604517246799773,303,21,155,89,67.0,135.3,7.5,4.64,2.74,0,0,0
270,0,0.05135696873931001,304,72,168,105,77.1,134.7,7.3,0.2,2.34,0,0,1
271,1,0.32980385669769297,305,28,154,60,80.4,139.9,6.1,1.41,2.34,0,1,1
272,0,0.06681220498153982,306,73,152,110,74.0,109.4,6.6,6.79,3.17,1,0,0
273,0,0.047674431824891964,307,76,150,84,67.5,118.8,7.0,7.47,1.77,1,0,1
274,0,0.05343056583739166,308,34,187,61,74.6,149.2,7.6,1.15,3.15,1,0,0
275,0,0.07731834033858051,309,55,164,78,57.5,116.3,9.9,2.28,2.12,1,0,1
276,0,0.028262479167238428,310,41,183,60,70.9,132.2,4.3,0.99,2.16,1,0,1
277,1,0.7439975760777328,311,22,184,104,67.2,154.4,9.5,4.33,3.95,0,1,0
278,0,0.05689401589218439,312,69,198,110,65.3,92.3,6.0,1.26,1.12,0,0,1
279,0,0.27255101706411317,313,51,174,110,49.3,115.8,7.3,4.37,2.52,0,0,0
280,0,0.3477025971136455,314,23,173,57,57.7,120.0,6.4,7.32,2.63,1,0,0
281,1,0.6611094965503567,315,39,161,100,64.2,93.0,10.3,6.83,2.94,1,1,1
282,1,0.6874728169451891,316,28,167,75,80.7,113.2,6.8,2.8,3.68,0,1,0
283,1,0.4115820013609213,317,65,164,78,73.4,105.4,8.3,6.74,2.48,0,1,0
284,1,0.6125666046099333,318,33,193,83,81.3,132.9,8.4,9.28,1.85,0,1,0
285,1,0.4277908405663397,319,50,165,111,84.9,94.0,5.8,3.48,4.54,1,1,1
286,0,0.4361175459245719,320,26,176,52,74.0,148.3,7.4,3.29,4.92,1,0,0
287,0,0.007181412265239539,321,77,157,99,71.7,130.3,9.3,5.71,1.08,1,0,0
288,0,0.06447452077853322,322,76,195,71,58.3,104.2,6.2,2.46,3.19,1,0,1
289,0,0.18887037185924577,323,23,174,97,93.8,135.4,8.7,6.52,2.37,1,0,0
290,0,0.5792610509255641,324,33,166,83,53.0,129.0,7.0,8.32,2.11,0,0,0
291,1,0.0729323903057197,325,46,178,109,71.4,119.4,9.2,4.59,2.34,1,1,0
292,1,0.8671665270270748,326,20,157,61,80.0,109.2,10.1,6.8,3.56,1,1,1
293,0,0.09637140608375634,327,37,164,74,80.2,128.2,4.5,6.52,1.76,1,0,1
294,0,0.06158518911204284,328,77,176,97,56.1,121.8,5.5,0.39,4.65,1,0,1
295,0,0.04384882930152084,329,76,195,57,65.0,109.7,6.8,1.83,2.86,1,0,1
296,1,0.5263274233083637,330,53,199,65,60.4,99.9,9.7,8.94,2.3,1,1,1
297,0,0.040571665207359775,332,43,152,97,71.6,112.5,5.6,7.8,1.07,1,0,0
298,1,0.9391028719940313,333,20,178,63,61.4,137.4,8.5,9.21,2.73,0,1,1
299,0,0.07227280663653222,334,36,193,101,88.1,132.9,6.1,3.06,2.42,1,0,1
300,0,0.17465018817078154,335,37,173,69,77.4,113.2,8.8,2.48,2.35,1,0,1
301,1,0.5083512620615629,336,49,152,75,70.5,113.8,8.3,3.84,2.35,0,1,1
302,0,0.008935232006749779,337,24,169,99,64.3,134.9,6.1,0.55,1.13,1,0,0
303,0,0.18898205466249757,338,69,195,67,71.4,124.0,7.4,8.1,1.61,0,0,0
304,0,0.2064906636078457,339,58,164,76,66.9,123.8,9.3,9.84,1.57,1,0,1
305,1,0.5260489884435136,340,50,174,106,70.8,109.4,4.7,8.24,4.95,1,1,0
306,0,0.17463368548292263,341,57,179,118,92.8,118.1,8.0,5.55,1.09,0,0,1
307,0,0.08625546823254845,342,56,163,54,57.2,120.1,5.8,2.95,1.67,0,0,0
308,1,0.8697297838744346,343,35,156,116,68.0,118.6,7.5,1.98,4.9,0,1,1
309,0,0.13998206610582137,344,57,166,98,78.5,131.0,8.2,3.64,3.51,1,0,1
310,1,0.6380618931924896,345,18,193,96,65.2,131.5,10.5,6.67,2.8,1,1,1
311,0,0.160964924837905,346,28,169,64,89.0,106.2,7.5,4.47,1.32,1,0,1
312,1,0.9208899490555288,347,45,185,76,78.1,112.5,9.7,9.34,3.68,0,1,0
313,0,0.39200615822898355,348,74,158,35,61.4,109.7,6.2,8.54,1.55,0,0,1
314,0,0.048754531411893065,349,42,187,94,72.4,140.8,6.8,1.02,3.68,1,0,0
315,0,0.06875620755329047,350,67,197,72,61.5,153.8,8.4,1.32,4.92,1,0,0
316,1,0.7201756178554689,351,40,171,97,60.4,113.0,7.8,6.76,3.13,0,1,0
317,0,0.048919192863700986,352,48,151,68,68.3,117.5,7.0,2.31,1.86,1,0,1
318,1,0.6986094247787498,353,47,173,66,85.2,132.6,7.0,7.91,3.5,0,1,0
319,0,0.1750567684734736,354,59,157,74,78.9,109.4,9.5,5.91,3.05,1,0,0
320,0,0.17554613900429128,355,52,160,107,69.7,133.0,7.1,2.3,3.13,0,0,0
321,1,0.40464815048251596,356,24,162,48,79.4,119.7,6.0,4.79,2.91,1,1,1
322,0,0.3072274257356439,357,77,166,103,73.2,93.8,6.2,4.06,3.69,0,0,0
323,1,0.971822583037896,358,33,157,52,56.0,100.5,8.5,8.73,3.29,0,1,1
324,1,0.8286293590795526,359,43,170,56,68.3,114.9,10.9,0.32,4.95,0,1,0
325,1,0.26504350829439516,360,65,167,75,69.1,138.3,6.7,8.96,4.3,1,1,0
326,0,0.1361056229600167,361,74,179,78,79.1,106.6,10.7,6.52,2.06,1,0,1
327,0,0.7612833845647825,362,69,167,119,63.2,112.0,7.5,7.38,3.9,0,0,1
328,0,0.017964600744418458,363,77,195,93,59.0,123.2,7.1,0.03,1.86,0,0,0
329,0,0.4037035108989417,364,66,196,101,69.5,95.0,6.1,6.28,4.13,1,0,1
330,0,0.5020310794427653,365,19,180,70,62.3,124.5,7.2,5.88,1.59,0,0,0
331,1,0.8447484623782473,366,18,187,62,66.1,96.8,6.4,5.37,2.89,0,1,0
332,0,0.3671579440944918,367,65,181,82,69.0,128.5,6.2,7.86,4.16,1,0,1
333,0,0.16550493053993134,368,79,160,94,65.4,107.9,5.0,5.56,2.12,0,0,1
334,1,0.9476675368410407,369,29,194,52,81.6,105.9,10.1,8.57,4.35,1,1,1
335,1,0.7130987892216419,370,22,174,85,87.0,124.1,9.1,2.33,3.58,0,1,0
336,0,0.14086612901962306,371,54,182,50,80.4,131.9,7.9,8.06,2.59,1,0,0
337,0,0.026980472729147865,372,49,187,113,48.7,125.6,7.3,1.79,2.69,1,0,0
338,1,0.4802664581118266,373,76,190,88,62.3,123.1,7.5,8.13,4.7,1,1,1
339,0,0.06744581665327651,374,72,157,108,67.9,123.3,6.3,9.4,1.87,1,0,1
340,0,0.8226866495668097,375,26,160,73,47.8,125.7,5.8,3.36,3.77,0,0,1
341,0,0.18945546013339898,376,58,171,72,59.5,126.7,8.6,5.3,3.83,1,0,0
342,1,0.7086616488727222,377,52,173,55,67.7,114.1,7.1,6.58,4.69,1,1,1
343,0,0.19705170321821744,378,36,190,109,64.6,129.8,8.0,0.79,3.85,1,0,1
344,0,0.07486352552739817,379,65,166,63,70.1,108.0,5.0,4.94,3.34,1,0,0
345,1,0.5748895309522972,380,33,161,53,53.4,136.4,7.0,3.61,4.61,1,1,1
346,1,0.8514790740066494,381,20,195,71,64.5,131.7,5.8,8.72,4.32,1,1,1
347,0,0.4157486237984749,382,37,181,78,71.8,152.7,8.2,8.77,3.87,1,0,0
348,0,0.2740776238784907,383,41,164,88,70.1,127.7,9.0,7.01,1.13,0,0,0
349,0,0.20571962981503608,384,71,165,112,75.4,133.6,9.7,6.56,2.49,0,0,0
350,0,0.6169923360353046,385,73,171,59,74.7,96.6,6.6,7.34,3.53,0,0,0
351,0,0.2193396939134185,386,50,177,95,65.1,134.1,5.8,3.66,3.09,0,0,0
352,1,0.24552494442440947,387,41,169,57,71.4,137.6,6.9,4.05,2.28,0,1,0
353,1,0.016487448271984367,388,69,182,93,60.4,142.6,6.5,5.54,1.58,1,1,1
354,1,0.03381942587874639,390,66,189,100,57.3,114.9,5.4,7.24,2.14,1,1,0
355,1,0.4404829803972564,391,25,181,95,82.8,103.7,4.9,5.51,1.93,0,1,0
356,0,0.3205357759086364,392,53,199,81,66.7,105.0,7.0,7.7,2.6,1,0,1
357,1,0.6485512343132839,393,55,182,61,82.8,119.6,8.6,3.71,4.14,0,1,0
358,0,0.5526917615307881,394,57,151,102,73.7,93.7,6.0,7.3,2.95,0,0,0
359,1,0.6209128979334124,395,37,182,73,59.4,108.5,8.8,4.11,1.87,0,1,1
360,0,0.06963741095968076,396,79,182,77,73.0,121.3,8.0,2.8,1.47,0,0,1
361,1,0.5545701784800051,397,52,190,104,79.7,121.0,9.8,6.1,3.0,0,1,0
362,0,0.23461145303144743,398,65,162,99,69.1,105.5,6.3,6.87,4.18,1,0,0
363,0,0.4980289101904992,399,79,179,54,70.9,101.5,5.1,4.59,3.61,0,0,1
364,1,0.7421240800124472,401,52,162,67,70.3,116.7,7.9,6.94,2.75,0,1,1
365,1,0.9155617488487661,402,42,175,65,72.9,151.9,7.8,7.68,4.42,0,1,1
366,0,0.07416962132908081,403,46,171,57,63.1,135.9,5.9,8.96,1.71,1,0,0
367,1,0.3332414036597945,404,35,188,77,57.0,123.2,8.7,3.55,3.13,1,1,1
368,1,0.5898702579672352,405,63,151,68,85.5,128.3,6.5,9.51,2.42,0,1,1
369,0,0.5272888914085783,406,35,187,55,77.2,135.2,7.8,6.37,1.5,0,0,1
370,0,0.39708589464008853,408,71,175,112,72.6,115.4,8.0,7.0,3.22,0,0,0
371,0,0.008009148961104533,409,52,195,91,52.3,107.3,5.7,2.06,1.08,1,0,0
372,0,0.055063379310767956,410,33,199,69,46.3,118.1,8.2,0.71,1.41,1,0,1
373,0,0.048766992307867796,411,78,164,117,83.0,135.1,8.5,7.26,2.39,1,0,1
374,0,0.020822097507760373,412,58,183,65,72.8,115.9,7.7,5.11,1.17,1,0,0
375,1,0.8519311233685879,413,53,191,56,69.4,103.4,10.0,7.02,2.6,0,1,1
376,0,0.8325496360225006,416,50,189,61,80.4,104.6,7.6,2.85,4.16,0,0,1
377,1,0.9448027241625039,417,31,160,92,57.5,113.5,8.7,7.31,3.51,0,1,1
378,0,0.07816586626973411,418,38,152,72,49.8,141.8,5.2,2.77,2.78,1,0,1
379,0,0.25868389238997086,419,65,155,85,82.7,119.2,7.5,7.15,1.37,0,0,1
380,1,0.7478260209086983,420,37,158,91,80.3,108.7,5.8,3.84,3.48,0,1,1
381,0,0.07355841786829477,422,25,158,115,60.2,148.8,8.1,1.43,1.31,0,0,0
382,0,0.3269577064542658,423,24,188,57,74.4,118.2,8.7,2.05,3.66,1,0,0
383,1,0.9933865142135748,424,20,180,57,61.3,90.0,8.2,6.86,4.65,0,1,1
384,0,0.54562879056555,425,34,181,75,78.0,129.8,7.0,5.6,2.84,0,0,0
385,0,0.008947609872047575,426,50,190,46,81.8,125.2,6.4,2.04,1.16,1,0,0
386,1,0.7612307341047038,427,65,199,60,63.5,121.4,4.0,9.03,4.52,0,1,0
387,1,0.0868743888523908,428,29,161,53,83.6,116.7,7.6,2.76,1.27,1,1,1
388,0,0.14442980436413833,429,76,157,117,71.4,107.9,9.2,4.21,4.47,1,0,0
389,0,0.12217020101425756,430,68,157,82,75.9,142.7,7.7,2.02,2.57,0,0,1
390,0,0.6333031546335535,431,39,199,35,54.3,92.4,7.4,3.88,2.46,0,0,0
391,0,0.2640882112987396,432,72,177,98,72.8,115.4,7.7,4.92,3.17,0,0,0
392,0,0.543163552467475,433,39,169,100,61.9,115.0,6.9,2.95,4.83,1,0,1
393,1,0.7541488264909066,434,63,196,89,75.7,132.8,7.8,7.69,4.59,0,1,0
394,0,0.4235111961568263,435,47,156,78,87.6,138.5,6.9,3.94,2.88,0,0,1
395,1,0.7208548702169398,436,55,160,53,73.5,116.6,6.2,7.3,3.78,0,1,0
396,0,0.06496906760957516,437,55,169,52,59.2,122.9,7.4,2.07,3.32,1,0,0
397,0,0.43019453313312755,438,62,165,51,77.5,124.2,7.4,3.77,3.77,0,0,0
398,0,0.05219520922750119,439,68,153,80,74.8,135.8,10.3,0.08,4.32,1,0,0
399,0,0.02238386719792437,440,71,155,62,94.7,135.5,6.3,7.59,1.14,1,0,1
400,1,0.4727847314703136,441,25,171,47,73.0,111.9,7.3,6.26,2.3,1,1,1
401,1,0.9224470061197098,442,44,175,72,63.0,126.6,7.1,8.18,4.84,0,1,0
402,0,0.4765604248762713,443,44,152,114,79.2,125.7,6.8,4.56,4.8,1,0,1
403,0,0.04848846713919873,444,51,190,88,68.5,118.3,8.3,8.0,1.04,1,0,0
404,0,0.7451242048258654,445,38,191,65,71.0,125.6,10.9,6.48,1.81,0,0,1
405,0,0.3275799092566296,446,47,163,72,58.9,120.3,7.0,0.04,4.98,1,0,1
406,0,0.45711393543758744,447,50,160,98,68.5,122.4,8.3,2.54,2.97,0,0,1
407,0,0.13569522143714915,448,45,167,98,70.4,99.7,4.6,4.94,3.29,1,0,0
408,1,0.2820309633816323,449,64,161,109,68.5,106.2,6.9,6.19,1.67,0,1,1
409,0,0.321365056483281,450,50,172,65,62.9,132.3,9.8,0.66,4.58,1,0,1
410,0,0.3236648161913444,451,22,161,57,73.5,101.8,7.4,7.05,1.93,1,0,0
411,0,0.07124653719824603,452,77,162,101,58.9,127.1,8.3,5.44,1.76,0,0,0
412,0,0.07174615924928125,453,78,174,93,56.1,118.8,6.6,5.26,1.91,0,0,0
413,1,0.6173503103383802,454,65,194,98,78.5,135.5,7.9,2.92,4.68,0,1,1
414,1,0.9316100011651436,455,36,168,54,77.4,129.7,9.9,5.95,3.81,0,1,1
415,1,0.35853421273172625,456,21,195,97,54.3,113.2,5.8,0.27,4.07,1,1,1
416,1,0.39899654933714834,457,52,185,88,48.0,116.7,10.8,0.65,2.51,0,1,1
417,1,0.9107468036208567,458,66,194,91,57.9,90.2,5.2,7.34,4.64,0,1,1
418,1,0.8361561903956738,459,34,157,97,68.5,118.0,6.8,3.22,4.16,0,1,1
419,0,0.4226413274474627,460,61,178,118,83.9,100.9,6.2,3.47,4.0,0,0,0
420,1,0.8430451090837607,461,45,181,90,68.2,116.7,7.1,2.08,4.88,0,1,1
421,1,0.5727466117497828,462,47,193,57,60.8,110.4,6.2,4.46,2.46,0,1,1
422,1,0.12736783065884896,463,46,167,81,71.8,106.9,6.1,0.52,3.44,1,1,1
423,1,0.3754768026262703,464,63,155,68,68.6,137.8,5.7,3.0,4.64,0,1,0
424,1,0.8301626215470801,466,23,168,58,53.5,105.6,7.1,4.66,3.25,0,1,0
425,0,0.23146261866708173,467,52,171,54,53.8,109.5,6.8,10.0,1.3,1,0,1
426,0,0.30864398971649065,469,58,181,69,80.3,106.8,5.3,3.87,3.11,0,0,0
427,0,0.2676414226978677,470,54,190,47,62.9,114.6,8.0,5.04,1.74,0,0,0
428,1,0.8171727394809734,471,41,152,61,83.3,124.5,7.4,1.9,4.53,0,1,1
429,0,0.5911101976299357,472,46,177,56,63.2,130.0,7.4,8.76,2.37,0,0,0
430,0,0.35659001975528465,473,66,159,98,82.9,129.3,8.3,5.72,2.55,0,0,1
431,0,0.5741572427093353,474,63,184,68,71.0,91.4,10.0,1.92,3.69,0,0,0
432,0,0.20658795599009594,475,70,178,73,62.1,125.7,8.0,7.93,2.96,1,0,1
433,0,0.037677369977946726,476,48,164,87,78.2,126.6,7.2,0.34,1.36,0,0,0
434,0,0.02552256960093273,479,50,161,109,72.6,136.3,7.7,5.8,1.76,1,0,0
435,0,0.005331857229208853,480,69,198,72,72.5,117.3,5.6,1.11,1.03,1,0,1
436,0,0.024032156715649074,481,78,179,60,79.6,111.1,4.0,2.15,1.73,0,0,0
437,0,0.023758784161535224,482,38,170,91,101.0,144.8,7.0,2.79,2.32,1,0,0
438,0,0.12328466806673381,483,49,180,102,85.0,119.7,7.9,2.41,3.15,1,0,1
439,0,0.716330469203064,484,40,173,71,72.6,121.3,8.6,4.98,4.68,1,0,1
440,0,0.5572502544840024,485,50,169,97,66.3,121.1,9.1,9.45,3.16,1,0,1
441,1,0.7447236424962522,486,20,186,86,67.6,154.5,8.8,4.44,3.82,0,1,0
442,1,0.8664553187992969,488,42,177,91,78.0,119.6,5.3,6.89,4.01,0,1,1
443,1,0.770777595203431,489,59,193,78,57.8,107.5,7.3,8.72,3.48,0,1,0
444,1,0.39230889442419514,490,48,169,81,65.5,114.2,8.4,0.34,2.84,0,1,1
445,1,0.250302578610383,491,71,173,50,78.0,104.5,7.6,4.04,1.78,0,1,1
446,1,0.33004967173877414,492,75,199,51,67.2,107.8,7.3,7.85,2.21,0,1,0
447,1,0.9604625349037988,493,20,198,69,64.1,92.9,7.5,8.15,3.48,0,1,0
448,0,0.1583613541094385,494,57,181,77,55.6,133.2,7.9,9.27,2.7,1,0,0
449,0,0.28540481345478247,495,63,190,99,84.5,122.4,7.4,7.03,4.56,1,0,0
450,0,0.12173486295108443,496,41,185,102,60.0,123.6,6.2,2.45,1.94,0,0,0
451,0,0.12755337790049526,497,67,183,51,63.0,119.2,4.9,5.06,1.29,0,0,1
452,0,0.21484068948075716,498,49,185,101,48.5,121.1,7.2,0.32,3.36,0,0,0
453,1,0.6472831175625171,499,64,151,56,69.8,144.3,7.6,6.47,4.54,0,1,0
454,0,0.592083342655872,500,39,164,60,66.0,108.5,7.6,5.54,2.46,0,0,0
455,1,0.8952914739681205,501,40,183,87,72.2,124.2,8.9,6.67,3.59,0,1,1
456,1,0.6800307577291922,502,19,185,51,55.9,124.1,9.2,9.3,1.93,1,1,1
457,0,0.7222061924145251,503,44,155,95,78.8,137.1,7.3,6.87,3.23,0,0,1
458,1,0.5950438961745971,504,59,188,117,47.9,126.6,7.4,3.2,4.15,0,1,1
459,1,0.8464293801976707,505,19,191,76,68.9,127.3,8.4,1.99,4.47,0,1,0
460,0,0.4630907821462317,506,43,161,119,71.4,101.1,8.1,8.55,1.42,0,0,0
461,0,0.36900295608288736,507,34,152,52,70.7,107.9,6.8,1.94,2.43,0,0,0
462,1,0.5562692986959115,508,57,194,116,71.9,102.5,8.5,1.62,3.56,0,1,1
463,0,0.017140062132405574,509,50,167,89,79.5,90.0,7.3,2.07,1.14,1,0,0
464,1,0.8759580099430189,510,26,189,103,85.9,126.0,7.3,5.09,3.76,0,1,1
465,0,0.10190703937480292,511,60,170,48,68.1,116.1,8.2,1.24,3.11,1,0,1
466,0,0.09569379447129416,512,71,164,111,58.4,126.0,7.0,9.38,2.15,1,0,1
467,1,0.4382601850558456,513,65,182,73,76.7,120.5,7.6,9.66,4.26,1,1,0
468,0,0.14633257894378254,514,56,184,73,66.6,123.6,7.9,9.74,2.16,1,0,0
469,0,0.1651824253988443,515,46,175,72,85.2,140.1,8.7,0.39,4.97,1,0,0
470,1,0.8758436325203389,516,59,157,88,62.8,120.1,8.6,9.46,4.27,0,1,0
471,1,0.8718017195825979,517,72,185,48,59.7,130.0,7.9,9.97,3.83,0,1,1
472,0,0.3455963903539563,518,43,197,53,71.7,115.5,4.0,9.42,1.25,0,0,0
473,0,0.5054836496090428,520,67,172,100,64.4,101.4,8.1,7.01,4.16,1,0,1
474,0,0.09740741109671902,521,42,191,94,66.0,92.4,8.4,1.22,1.92,1,0,1
475,0,0.16623090330028195,522,41,193,119,72.6,151.6,6.1,8.74,2.57,1,0,1
476,0,0.026603473228367754,523,30,163,59,58.0,147.5,4.3,0.6,2.07,1,0,1
477,1,0.4569680643452537,524,77,163,76,59.4,90.8,8.7,3.18,4.94,1,1,1
478,1,0.4874644931725773,525,75,151,72,83.9,119.5,5.7,9.91,4.42,1,1,1
479,1,0.6933649727392036,526,24,186,66,69.8,122.2,9.3,4.22,4.72,1,1,0
480,0,0.17754572760180504,527,74,154,61,80.4,130.8,6.6,1.31,4.16,0,0,0
481,1,0.6288087990399098,528,53,187,103,63.5,146.1,6.0,9.69,2.83,0,1,1
482,0,0.4359191488224192,529,62,194,115,69.3,104.1,8.0,9.84,1.82,0,0,0
483,1,0.22921113578835725,530,37,190,101,72.6,104.9,8.4,1.87,1.83,0,1,0
484,0,0.30800819613509295,531,18,196,70,91.0,120.0,8.3,8.65,1.61,1,0,0
485,1,0.7909215500450819,532,25,163,69,67.4,105.5,8.3,3.9,3.19,0,1,0
486,1,0.8816312485777835,533,63,188,54,68.0,90.0,6.4,3.81,4.68,0,1,1
487,1,0.3376861310298176,534,33,174,89,83.2,116.6,5.2,2.63,4.97,1,1,0
488,0,0.06072345415964998,535,31,169,55,65.4,132.9,6.9,0.45,2.15,1,0,1
489,1,0.7498229326246828,536,29,151,97,73.4,119.7,5.8,2.68,3.79,0,1,1
490,0,0.09268140415178835,537,68,188,116,82.1,129.4,8.1,0.54,3.39,0,0,0
491,0,0.3276984321116759,538,40,155,112,63.1,127.2,8.8,9.24,2.96,1,0,0
492,1,0.9479404610346004,539,32,166,72,74.1,104.6,7.8,6.62,3.66,0,1,1
493,0,0.2912714220383942,540,45,174,119,90.9,121.0,7.5,8.87,2.49,1,0,1
494,1,0.7689926778140848,542,19,151,93,73.4,112.3,9.0,1.31,3.82,0,1,0
495,1,0.8992550027833259,543,49,184,91,67.3,120.8,4.8,9.41,4.02,0,1,1
496,0,0.16697111824612731,545,39,154,98,58.1,100.6,10.2,3.48,1.67,1,0,1
497,0,0.02234688990106716,546,68,150,104,88.1,103.7,5.6,1.12,2.58,1,0,1
498,1,0.6097909125510592,547,42,189,101,85.8,124.4,8.3,7.04,4.07,1,1,1
499,1,0.42897063218954323,548,75,161,91,62.1,132.4,8.6,7.28,4.76,1,1,1
500,0,0.2533147639064468,549,79,185,75,74.1,116.9,4.6,8.97,2.71,0,0,0
501,0,0.03967929848975138,550,78,194,90,71.3,116.1,4.9,0.53,4.1,1,0,1
502,1,0.506653498002458,551,39,172,70,84.2,134.0,9.4,1.42,2.88,0,1,1
503,0,0.17833173571099603,552,75,196,49,74.6,108.4,6.0,5.98,2.18,0,0,0
504,0,0.04810225462234175,553,75,180,96,69.7,145.9,6.1,6.19,3.96,1,0,0
505,0,0.27406502150275824,554,39,160,119,63.5,99.8,6.7,0.34,4.19,1,0,1
506,0,0.04175992883108797,555,66,159,98,74.1,135.7,6.0,3.97,1.81,0,0,0
507,0,0.174640845827353,556,69,152,77,65.8,128.1,8.3,5.84,2.22,0,0,0
508,0,0.058780571699027465,558,23,165,82,69.1,103.2,4.6,3.16,1.75,1,0,0
509,1,0.7940810687191576,559,32,159,71,65.5,90.0,9.2,4.84,4.72,1,1,0
510,1,0.3815148345312441,560,71,178,59,58.3,138.7,5.8,8.14,3.37,0,1,0
511,0,0.0692201373266504,561,60,159,105,76.2,97.9,6.4,9.54,1.48,1,0,0
512,0,0.04003321386700541,562,77,161,65,70.5,129.2,8.7,2.3,1.74,0,0,0
513,1,0.49341679478680195,564,50,190,113,57.6,125.7,9.2,9.4,3.95,1,1,0
514,1,0.6721738671243643,565,25,150,50,77.5,123.5,8.8,3.96,3.94,1,1,1
515,0,0.17253261348619012,566,70,154,82,69.0,126.0,6.8,7.18,1.29,0,0,1
516,0,0.14071585106597578,567,77,169,106,95.2,132.6,9.0,6.12,4.58,1,0,0
517,0,0.13072607187154536,568,61,157,106,76.6,128.8,7.8,2.86,2.77,0,0,0
518,0,0.28445483752455186,569,61,192,35,73.9,101.8,6.6,6.54,3.64,1,0,0
519,0,0.6357320494046035,570,22,161,90,69.0,147.4,7.9,6.56,4.84,1,0,0
520,0,0.12794538433083388,571,56,150,57,61.6,120.8,5.5,5.92,1.4,0,0,0
521,0,0.15292372458967013,572,21,169,47,73.7,127.8,8.8,1.0,2.93,1,0,0
522,0,0.2709565336040408,573,23,177,50,53.4,130.7,8.6,9.95,1.2,1,0,0
523,1,0.2511604625159043,574,62,192,52,54.0,137.3,7.7,4.0,3.0,0,1,0
524,0,0.025903564206721987,575,49,186,88,82.1,135.8,4.6,6.38,2.01,1,0,0
525,1,0.8750075254016566,576,69,196,77,48.9,122.0,9.2,8.86,4.64,0,1,0
526,0,0.2996610192446646,577,47,186,119,66.2,121.0,8.2,4.23,2.59,0,0,0
527,0,0.5508979055147747,578,64,161,94,57.4,126.1,7.5,7.74,3.54,0,0,0
528,1,0.7349357086475764,579,52,186,55,65.2,136.5,7.2,9.72,4.44,1,1,1
529,1,0.6394363720545064,580,72,198,72,72.2,103.3,6.7,3.59,4.93,0,1,0
530,0,0.07894067322645264,581,57,198,114,81.8,129.7,7.0,4.05,3.02,1,0,1
531,1,0.33760652937740504,582,69,193,85,84.6,106.7,8.7,9.06,2.82,1,1,1
532,0,0.06778035971651952,583,33,177,60,59.0,147.8,6.7,1.6,1.3,0,0,0
533,0,0.018715218939947518,584,30,196,112,64.4,125.5,7.1,0.29,1.05,1,0,1
534,0,0.07829515078975603,586,77,155,100,67.0,126.4,7.3,8.22,1.26,0,0,0
535,1,0.672965838360992,587,59,193,108,59.4,120.1,6.6,9.73,2.52,0,1,1
536,0,0.005522796191555144,588,47,169,103,61.4,117.6,7.2,0.58,1.01,1,0,0
537,1,0.7793625365495317,589,36,199,106,67.1,92.9,8.0,1.56,3.46,0,1,1
538,0,0.15907675741097024,590,34,163,55,65.3,104.6,6.1,1.05,2.7,1,0,1
539,0,0.12567547262821735,591,73,151,62,67.2,117.9,7.3,6.83,1.51,0,0,0
540,1,0.8842798742071231,592,36,158,63,69.7,94.7,10.4,6.06,2.19,0,1,1
541,0,0.24005858652058043,593,45,186,99,69.7,111.2,7.4,3.59,3.28,1,0,1
542,1,0.1423808212271545,595,72,175,50,74.4,108.3,5.9,6.4,2.85,1,1,1
543,0,0.10978792524383796,597,54,150,73,76.0,106.8,9.9,1.13,1.45,0,0,0
544,0,0.4584718729877655,598,43,184,103,49.4,121.3,9.0,9.09,1.34,0,0,0
545,0,0.003713148309427445,599,70,155,61,71.9,114.7,5.6,1.99,1.18,1,0,0
546,1,0.5696816968278937,600,79,186,87,46.2,118.2,7.8,7.44,3.14,0,1,1
547,0,0.4142263165303088,601,40,154,110,67.9,144.1,9.3,8.85,3.82,1,0,0
548,0,0.5967905369025355,602,26,182,78,77.9,122.7,7.4,5.79,1.52,0,0,1
549,0,0.3474586457158191,603,29,198,52,82.5,125.6,6.8,2.47,3.56,1,0,1
550,0,0.07714129625722294,604,70,163,57,74.0,108.5,10.9,3.09,2.91,1,0,0
551,1,0.9687015271587234,605,18,161,52,78.1,129.4,4.6,8.86,4.95,0,1,0
552,0,0.33043025229743545,606,75,191,109,66.4,128.8,11.4,2.98,3.87,0,0,0
553,0,0.21164612154579665,607,75,169,87,63.9,127.3,7.6,7.46,3.63,1,0,1
554,1,0.97030096403344,608,18,199,83,102.3,101.9,9.4,9.9,3.28,0,1,0
555,1,0.9458258230461302,609,64,173,103,79.9,111.2,5.7,10.0,4.99,0,1,1
556,1,0.2668035341925869,610,51,192,88,55.9,141.5,6.4,5.33,4.92,1,1,0
557,0,0.31375942675749124,611,49,183,53,49.2,109.7,5.9,8.27,3.15,1,0,0
558,1,0.4813115533405336,612,79,174,81,64.4,143.5,7.3,9.9,2.82,0,1,1
559,1,0.3055369076059416,613,71,199,118,84.3,111.8,8.0,3.75,2.85,0,1,1
560,0,0.25306576469183817,615,42,188,72,45.0,117.2,4.9,1.14,3.13,0,0,0
561,0,0.01941495884018684,616,57,180,86,67.9,107.3,7.7,1.41,2.09,1,0,0
562,1,0.7803994498457962,617,62,196,87,70.0,107.5,8.8,8.54,4.71,1,1,1
563,0,0.10558052693309955,618,70,192,86,45.0,109.4,9.1,5.89,2.96,1,0,0
564,1,0.9555402647824621,619,18,199,110,70.3,122.2,6.8,8.74,4.37,0,1,0
565,1,0.8137599152936573,620,33,172,99,57.8,133.4,6.9,7.89,2.9,0,1,1
566,1,0.4064786022691216,621,78,193,116,48.0,121.2,7.4,6.74,3.87,0,1,0
567,0,0.49006369374949266,622,56,187,92,89.3,119.5,7.8,6.09,2.35,0,0,1
568,1,0.751599930326841,623,22,169,66,57.3,138.2,9.5,0.48,3.5,0,1,1
569,1,0.7336497133856185,624,39,172,71,62.0,120.6,5.7,8.72,2.99,0,1,0
570,0,0.05327092345661902,625,46,194,111,61.8,111.9,6.3,4.18,2.47,1,0,0
571,0,0.7987547197185412,626,72,165,57,70.0,105.0,5.5,5.6,4.53,0,0,1
572,0,0.20993878889208198,627,20,199,89,91.2,139.1,8.1,0.22,1.45,0,0,1
573,1,0.9289517387585039,628,29,191,54,55.6,115.1,9.2,9.36,2.95,0,1,0
574,0,0.2695298746399517,629,43,157,53,66.3,111.3,5.4,9.03,1.78,1,0,1
575,1,0.7371155487587027,630,33,199,98,71.5,110.0,7.6,5.43,4.44,1,1,1
576,0,0.18867325281106856,631,68,170,35,59.6,138.2,9.0,5.77,2.01,0,0,0
577,1,0.8719064241346831,632,54,150,78,66.1,111.4,8.7,7.05,3.53,0,1,1
578,1,0.3285809765846047,633,39,157,45,77.1,134.9,8.7,2.65,1.66,0,1,1
579,0,0.14730387231503986,634,74,178,76,60.9,116.5,5.7,2.22,2.62,0,0,1
580,1,0.9585186877150333,635,46,181,115,65.9,101.9,8.7,6.74,4.6,0,1,1
581,0,0.2554054281789899,636,31,187,111,64.8,115.0,7.2,1.04,1.66,0,0,1
582,1,0.8471918836300156,637,45,154,64,68.8,119.5,9.1,4.54,3.65,0,1,1
583,0,0.5213738584829167,638,22,196,79,72.9,118.3,8.2,4.93,1.82,0,0,0
584,0,0.21323728009336493,639,64,171,35,77.0,117.9,6.3,3.81,2.66,0,0,0
585,0,0.0382307001762818,640,66,196,62,93.3,115.2,7.9,1.85,3.16,1,0,0
586,0,0.584820183552571,641,47,183,89,45.0,108.2,8.7,3.55,3.31,0,0,0
587,0,0.09613757038498301,642,63,150,97,68.0,120.2,6.7,3.38,3.41,1,0,1
588,0,0.2127852622838067,643,79,175,112,53.6,128.1,7.7,4.99,3.56,0,0,0
589,0,0.0742015512323902,644,69,192,109,65.4,98.1,5.5,6.75,2.09,1,0,1
590,1,0.8620930605934228,645,22,159,45,80.6,139.5,8.3,9.68,2.61,0,1,0
591,0,0.06988436845316924,646,29,179,102,84.4,90.0,7.4,1.44,1.15,1,0,1
592,1,0.9454608421378565,647,33,199,70,84.9,121.1,8.9,8.73,4.08,0,1,0
593,1,0.8326489978129941,648,43,167,64,84.8,127.0,8.3,2.84,4.35,0,1,1
594,1,0.38746932507761195,649,43,166,54,67.9,110.9,6.9,5.91,1.8,0,1,0
595,0,0.16979870674022984,650,65,175,103,86.8,90.0,6.2,5.47,1.81,0,0,0
596,0,0.1306936026243876,651,38,157,119,89.2,118.5,5.9,5.57,1.17,0,0,0
597,1,0.43987094322741854,652,56,196,85,71.7,122.5,6.7,7.23,4.88,1,1,0
598,0,0.7957768786326286,653,53,189,49,84.1,102.8,8.8,3.82,4.23,0,0,0
599,0,0.06205478822228524,654,50,198,109,70.5,107.5,4.9,3.19,2.44,1,0,1
600,0,0.2438028146079275,655,79,161,61,86.9,134.4,5.9,8.53,2.93,0,0,0
601,1,0.3798220331927561,656,47,176,66,68.1,121.8,8.8,2.2,2.17,0,1,1
602,0,0.49851690178481955,657,54,157,85,62.7,97.4,9.5,1.8,3.39,0,0,0
603,0,0.2740726978940222,658,40,174,112,56.6,126.7,6.0,0.16,3.87,0,0,0
604,0,0.07716552820428656,659,75,195,113,67.9,106.0,5.9,2.11,2.79,0,0,0
605,0,0.9796945810759327,660,27,153,55,71.0,108.4,9.6,5.19,4.49,0,0,1
606,0,0.04473446597821519,661,71,182,100,58.6,123.0,7.3,5.39,3.07,1,0,0
607,0,0.035133680830440585,662,22,150,95,67.0,121.6,6.2,2.54,1.58,1,0,0
608,1,0.5805243560752068,663,53,168,65,63.7,114.0,9.1,0.72,3.49,0,1,1
609,1,0.41690014754973204,664,51,180,70,57.1,112.4,8.3,7.45,2.85,1,1,1
610,1,0.9230440157686696,665,69,165,63,82.4,116.2,8.6,7.58,4.74,0,1,1
611,0,0.38892170747425264,666,48,163,104,84.5,108.3,6.2,9.98,2.57,1,0,1
612,1,0.7207126311912395,667,27,197,115,82.4,136.3,8.1,9.0,2.61,0,1,0
613,1,0.888446662907478,668,75,154,91,69.0,96.5,9.4,9.26,3.6,0,1,1
614,1,0.8948414645542723,669,36,190,115,69.7,116.4,8.5,7.98,3.11,0,1,1
615,0,0.3907758607729648,671,49,177,84,75.0,134.0,9.6,1.29,4.96,1,0,1
616,0,0.5268513423892909,672,18,151,49,72.0,116.4,8.1,6.22,2.21,1,0,1
617,1,0.9733999213186325,674,22,155,48,83.0,130.3,8.8,8.85,4.46,0,1,0
618,0,0.207690451802287,675,62,158,67,73.8,90.0,5.8,4.82,1.01,0,0,1
619,0,0.357837564841002,676,21,182,59,69.5,124.2,7.2,6.97,1.81,1,0,1
620,0,0.18094232065914817,677,33,190,52,82.0,137.3,8.4,0.52,3.36,1,0,1
621,1,0.15145656014011624,678,41,174,85,59.0,122.7,4.0,5.34,1.65,0,1,0
622,1,0.8955148061742129,679,33,197,63,83.7,112.4,7.9,3.01,4.94,0,1,0
623,0,0.07657063701470268,680,72,162,90,57.0,101.4,7.9,2.85,2.86,1,0,1
624,0,0.6291341747711163,681,19,158,72,63.3,136.2,5.8,3.9,3.39,0,0,0
625,0,0.04025325328974519,682,66,162,112,47.9,133.9,8.0,0.01,1.64,0,0,1
626,0,0.3966231420177572,683,45,180,59,77.4,110.3,7.8,4.67,2.16,0,0,0
627,1,0.6148246158007376,684,49,190,81,73.0,110.7,7.6,4.87,3.46,0,1,0
628,0,0.9034503250104047,685,44,160,45,63.3,137.8,9.3,8.63,3.2,0,0,1
629,1,0.8685607170801182,686,37,153,111,58.9,128.0,8.8,4.49,4.14,0,1,1
630,1,0.9239465389192896,688,29,187,71,68.4,117.1,6.0,9.95,3.61,0,1,0
631,0,0.07553465050845377,689,67,195,84,60.8,116.5,7.5,5.71,2.16,1,0,1
632,0,0.11954352752072869,690,52,153,107,93.1,123.7,9.3,4.73,3.35,1,0,0
633,0,0.22813497224912294,691,77,187,105,62.1,120.1,7.2,4.96,3.42,0,0,0
634,0,0.2205307465665149,692,50,168,80,83.7,112.3,9.8,8.09,1.49,1,0,1
635,0,0.10724715537506899,693,50,155,68,56.2,122.7,8.5,3.41,3.19,1,0,0
636,0,0.009597751522304398,694,78,183,68,65.7,113.3,10.1,3.89,1.05,1,0,0
637,0,0.03484918149928853,696,60,162,111,69.3,121.8,7.3,0.73,3.79,1,0,0
638,0,0.05520302198530657,697,54,190,78,72.9,119.8,7.4,8.65,1.29,1,0,0
639,1,0.9070279163881829,698,29,172,101,63.5,147.6,8.4,4.3,4.75,0,1,1
640,1,0.9004519470049356,699,20,168,93,50.8,99.5,6.4,5.81,2.84,0,1,1
641,1,0.9760904160760784,700,18,194,97,87.6,118.4,5.1,7.57,4.75,0,1,1
642,1,0.025776349343994937,701,50,160,67,64.3,105.8,8.1,2.66,1.43,1,1,0
643,0,0.4271246992116598,702,57,150,113,73.5,129.5,7.0,8.9,4.8,1,0,0
644,0,0.6316341179637953,703,27,173,97,78.4,112.6,6.8,9.79,1.44,0,0,0
645,0,0.34560707865592066,704,60,156,106,73.7,128.7,6.5,4.94,2.85,0,0,1
646,1,0.5220396134333606,705,61,174,85,61.5,127.6,7.7,9.37,4.75,1,1,0
647,0,0.006026214434903605,706,46,170,101,83.9,131.7,5.9,0.01,1.93,1,0,0
648,1,0.3876910513893676,707,30,164,104,76.2,127.9,7.2,8.94,1.14,0,1,0
649,1,0.8498925590539788,708,29,150,98,72.4,116.6,6.3,3.11,4.17,0,1,1
650,0,0.6353599953259307,709,48,161,114,72.1,99.0,6.6,3.11,3.38,0,0,1
651,0,0.044049079812926384,710,63,156,101,90.2,135.1,8.0,2.28,3.06,1,0,1
652,0,0.03413567434856195,712,78,170,84,75.0,105.9,7.0,2.13,3.61,1,0,0
653,1,0.49741758846031936,713,68,168,51,63.7,131.0,9.0,9.06,1.69,0,1,1
654,1,0.9401788573289486,714,67,178,82,46.8,102.4,6.0,8.99,4.72,0,1,1
655,1,0.20543656974545493,715,52,174,105,46.4,123.1,5.2,1.02,3.74,0,1,0
656,0,0.6426729273877153,716,40,182,47,57.8,126.1,5.5,1.43,3.83,0,0,1
657,0,0.5665264941132918,717,34,198,95,62.1,113.6,5.9,8.62,1.93,0,0,0
658,1,0.7134025840532521,719,25,198,112,78.4,132.7,10.5,1.69,3.15,0,1,1
659,1,0.842942603472901,720,46,184,82,79.5,118.4,5.2,5.11,4.43,0,1,1
660,0,0.0896595413143979,721,43,193,80,62.4,109.9,8.9,4.17,2.08,1,0,0
661,1,0.571032261550606,722,27,187,85,70.7,101.6,7.5,2.19,4.02,1,1,1
662,0,0.6956615256475566,723,43,175,113,97.7,114.1,7.8,7.21,3.3,0,0,0
663,0,0.029654681885460277,724,79,160,57,55.4,102.4,6.1,6.31,1.19,1,0,1
664,0,0.06059753256341392,725,51,184,102,75.5,114.3,8.0,1.0,2.62,1,0,1
665,1,0.04047118257783475,726,68,157,94,89.3,113.0,6.1,9.25,1.74,1,1,0
666,1,0.28782996375250886,727,58,195,74,81.6,132.1,8.9,5.58,2.44,0,1,0
667,0,0.637233685249407,728,24,163,106,91.6,121.1,9.0,2.5,2.53,0,0,1
668,0,0.06533914963269714,729,21,159,69,72.6,158.2,7.3,2.06,2.9,1,0,0
669,0,0.4048744144736285,730,75,151,71,77.2,90.0,7.4,1.36,3.4,0,0,1
670,0,0.04690729054518642,731,70,195,95,71.3,124.7,8.1,4.25,3.28,1,0,0
671,0,0.004205053510156595,732,67,158,101,76.4,113.2,8.1,1.36,1.16,1,0,0
672,1,0.7906608262813835,733,62,152,91,59.0,105.7,9.0,4.16,4.0,0,1,1
673,1,0.9227325638989561,734,28,170,83,79.5,119.6,9.0,1.49,4.8,0,1,1
674,0,0.11475518109601572,736,73,157,66,70.8,136.2,6.8,7.85,1.72,0,0,0
675,1,0.6817285679551448,737,53,197,98,91.0,121.4,8.7,5.5,3.16,0,1,1
676,1,0.4626025419559608,739,38,155,116,84.5,125.0,7.7,9.38,3.72,1,1,0
677,0,0.10301082453686687,740,78,177,60,85.7,116.6,8.3,6.38,3.45,1,0,0
678,0,0.012890939415466414,741,74,178,103,80.3,103.1,9.0,3.64,1.58,1,0,0
679,0,0.48203429149776006,742,53,175,75,58.4,116.3,7.9,4.49,4.35,1,0,1
680,1,0.5232603719209565,743,27,174,86,74.3,123.5,6.6,8.61,2.7,1,1,1
681,0,0.08867085567316098,744,54,161,118,93.5,121.1,10.2,1.31,1.89,0,0,0
682,0,0.06463982311352848,745,26,154,76,48.2,125.0,9.8,3.26,1.35,1,0,0
683,0,0.2203421151453803,746,41,183,103,67.7,112.1,6.0,5.77,2.67,1,0,1
684,1,0.5579403179150073,747,52,197,78,83.9,124.8,6.1,6.76,3.47,0,1,0
685,0,0.59683188398395,748,66,186,53,68.6,121.8,6.3,7.63,3.66,0,0,0
686,1,0.35036680879476134,749,52,164,55,79.7,121.9,8.8,3.18,4.85,1,1,0
687,0,0.013262960017137771,750,65,193,54,86.9,120.5,10.3,1.46,1.61,1,0,0
688,0,0.5062399681991621,751,53,185,61,72.8,152.6,6.7,9.55,4.94,1,0,0
689,0,0.5024083756564979,752,35,164,112,76.1,136.7,7.8,0.76,3.62,0,0,1
690,1,0.07040528505069382,753,66,192,92,71.1,124.4,6.4,0.96,2.82,0,1,0
691,0,0.4353035851865051,754,56,197,96,73.6,108.0,10.1,4.95,4.55,1,0,0
692,0,0.4712236687962926,755,49,172,69,95.2,115.6,8.7,8.19,3.78,1,0,0
693,0,0.6118823727486281,756,41,155,65,69.2,144.2,6.3,7.75,2.39,0,0,1
694,1,0.904358297289966,757,40,195,109,65.8,111.6,4.3,9.38,4.54,0,1,0
695,1,0.15596399319123386,758,79,199,107,82.5,117.5,9.1,1.42,3.67,0,1,0
696,0,0.2663169716631978,759,49,193,95,59.9,116.7,6.6,3.76,3.8,1,0,1
697,1,0.39219548499675755,760,54,192,80,62.6,125.5,8.8,2.82,4.59,1,1,1
698,1,0.9123846586103185,761,29,194,110,62.7,113.5,7.9,8.61,2.79,0,1,1
699,0,0.13361030513953026,762,66,170,59,66.9,122.7,4.7,4.88,3.63,1,0,1
700,1,0.5508101980705115,764,30,192,114,78.4,139.7,7.0,7.08,2.82,0,1,0
701,0,0.03988678745434435,765,40,165,45,65.9,109.7,6.5,3.89,1.33,1,0,0
702,0,0.07474652496868164,767,52,164,83,80.4,111.2,8.1,8.94,1.19,1,0,0
703,1,0.7451009361594929,768,58,174,101,62.2,107.2,10.2,2.57,3.87,0,1,1
704,1,0.5050180101609152,769,47,185,78,80.1,109.5,8.2,2.4,4.64,1,1,1
705,1,0.5543969761395484,770,34,160,85,81.2,94.3,9.7,2.63,2.39,0,1,0
706,0,0.13827040469107355,772,79,153,57,73.5,102.5,9.2,1.07,1.93,0,0,1
707,0,0.707482803839542,773,37,170,114,63.9,114.6,6.9,6.97,3.25,0,0,0
708,0,0.4009777564551091,774,65,162,50,85.6,131.4,6.1,2.07,4.77,0,0,0
709,1,0.819495635799395,775,42,171,96,63.8,130.9,6.1,9.26,3.05,0,1,1
710,0,0.02445485599813512,776,39,168,47,53.9,98.5,4.0,2.16,1.45,1,0,0
711,0,0.18128184627544036,777,30,183,107,69.6,124.7,8.8,2.56,3.51,1,0,0
712,0,0.25124146771711825,778,76,163,93,59.2,137.1,5.6,2.97,3.93,0,0,1
713,1,0.8843938634432114,779,36,153,91,80.2,110.4,9.6,7.69,2.57,0,1,1
714,1,0.07538641316700839,780,66,197,99,60.3,127.7,7.2,4.28,3.89,1,1,0
715,0,0.4170835999048908,781,53,195,108,69.8,102.9,5.2,8.19,2.3,0,0,0
716,1,0.6705820958056468,782,29,176,109,88.5,125.8,5.8,7.85,4.16,1,1,1
717,0,0.24856599637635454,783,78,178,111,83.2,122.0,7.8,9.29,2.36,0,0,0
718,0,0.3644558567155337,784,58,196,59,75.7,129.9,4.7,7.57,2.02,0,0,1
719,1,0.3712482588086335,785,36,177,76,68.5,129.0,8.4,0.52,4.52,1,1,1
720,1,0.4260175919339174,786,29,184,112,74.6,99.7,5.2,8.37,3.19,1,1,0
721,0,0.7450426201905067,787,26,157,62,78.3,122.0,6.4,9.38,2.14,0,0,0
722,1,0.9670933462057162,788,24,165,87,58.2,141.8,7.8,9.94,4.74,0,1,0
723,0,0.20481085742850327,789,45,191,79,80.2,90.0,8.2,1.25,3.76,1,0,0
724,0,0.09541227949372147,790,31,185,102,56.8,134.5,8.7,6.13,1.88,1,0,0
725,1,0.33468391928740227,791,48,179,77,76.9,144.0,5.5,1.99,3.46,0,1,1
726,0,0.175324629082347,792,69,167,58,56.7,97.7,7.0,2.63,4.48,1,0,0
727,1,0.7640239996800298,793,36,151,78,93.6,109.9,9.1,7.46,3.78,1,1,1
728,0,0.4059772328489411,795,64,162,48,51.3,106.7,7.9,5.95,3.6,1,0,1
729,0,0.7798522395218063,796,33,153,103,70.0,140.5,7.7,8.51,3.48,0,0,0
730,0,0.04482407993743891,797,70,175,73,63.7,135.9,9.5,0.09,4.28,1,0,0
731,1,0.49201099976430696,798,22,174,50,62.3,99.2,6.8,0.37,1.71,0,1,1
732,0,0.19488403944994961,799,52,179,93,71.8,108.9,5.4,5.97,3.8,1,0,0
733,0,0.12545776792889546,800,29,160,84,58.9,131.5,6.0,3.89,1.11,0,0,0
734,1,0.9041001111495269,801,42,156,109,79.1,131.0,7.8,8.9,3.78,0,1,1
735,0,0.34805433172135614,802,69,180,113,78.5,153.3,5.1,3.02,4.84,0,0,1
736,0,0.02761325930792731,803,76,193,71,74.2,106.8,6.7,4.32,1.7,1,0,1
737,0,0.35384140472858744,804,38,159,50,69.8,141.9,7.6,5.28,2.25,0,0,0
738,0,0.6081561355868842,805,53,188,57,77.9,106.3,6.4,2.73,3.33,0,0,1
739,0,0.7959331981029212,806,70,162,108,79.5,127.5,8.0,9.08,3.93,0,0,1
740,0,0.06454560082461083,807,40,180,106,75.5,133.4,8.6,4.65,2.38,1,0,0
741,1,0.8759276273240817,808,33,156,63,54.3,90.0,8.2,4.24,3.66,0,1,0
742,1,0.6042878470461098,809,74,198,87,60.5,133.7,5.2,8.5,4.6,0,1,0
743,0,0.287382104441923,810,56,191,118,66.8,140.8,7.6,3.12,3.91,0,0,0
744,0,0.24504943362547552,811,62,191,64,52.3,136.4,7.7,8.17,3.84,1,0,0
745,0,0.024853667633532646,812,70,185,112,72.7,150.8,6.9,1.22,2.53,0,0,0
746,0,0.1956712725630143,813,59,169,88,86.9,134.5,8.0,1.83,4.65,1,0,1
747,1,0.5596766867507,814,75,153,67,85.0,111.9,7.9,9.51,2.11,0,1,1
748,0,0.2951987495420852,815,56,156,46,78.9,138.6,7.4,8.42,1.82,0,0,0
749,0,0.21395568457040462,816,31,150,66,78.7,111.1,6.0,3.88,2.46,1,0,1
750,1,0.7948340050812818,817,48,193,101,96.6,121.2,7.5,6.38,3.6,0,1,1
751,1,0.5312303105265419,818,75,194,116,80.1,132.5,10.3,9.43,4.45,1,1,1
752,0,0.09062313059997751,819,22,191,51,81.1,126.7,6.9,2.12,1.53,1,0,1
753,0,0.07564230023269969,820,52,196,100,52.7,140.3,9.1,0.59,4.26,1,0,0
754,0,0.16598101979069027,821,40,162,111,86.0,157.3,7.6,5.37,4.25,1,0,0
755,0,0.07495242238680594,823,60,170,95,69.0,115.1,7.1,1.87,4.04,1,0,0
756,0,0.30269811178020645,824,28,171,116,66.1,124.7,7.5,8.92,1.73,1,0,1
757,1,0.3180664948425965,825,35,177,56,63.4,113.1,8.5,0.07,1.68,0,1,1
758,0,0.8717783646428221,826,64,158,97,85.1,118.9,11.1,8.17,4.45,0,0,0
759,1,0.724049726338442,827,29,175,119,69.7,131.6,7.6,5.17,2.99,0,1,1
760,0,0.42822883060539957,828,26,158,49,63.9,129.6,5.7,5.59,1.98,0,0,0
761,1,0.3959103696816217,829,27,164,71,60.7,123.7,5.0,6.72,3.75,1,1,0
762,0,0.12789248447792603,830,75,159,56,72.0,122.2,6.9,4.31,4.57,1,0,0
763,0,0.20832565653865062,831,61,173,61,65.7,116.6,5.8,1.16,3.53,0,0,0
764,0,0.22127760961814658,832,34,191,50,62.9,141.1,8.3,1.03,2.39,0,0,0
765,0,0.2772369066022058,833,78,157,49,53.4,145.0,8.3,7.54,2.93,0,0,0
766,0,0.05898312744803979,834,55,173,101,81.5,135.3,7.3,2.21,4.01,1,0,0
767,0,0.2106245732577405,835,24,165,72,68.3,102.8,8.5,0.28,1.27,0,0,0
768,0,0.07836029109971467,836,63,198,113,57.0,116.1,7.6,9.8,1.87,1,0,0
769,1,0.9495713521277113,837,30,175,103,66.7,123.0,10.3,9.8,2.85,0,1,1
770,1,0.515017799252132,838,57,176,77,76.6,105.9,8.4,3.78,3.42,0,1,0
771,0,0.027715069459666085,839,59,186,106,70.3,121.2,8.8,0.26,2.36,1,0,1
772,0,0.14624254092298666,840,26,153,94,72.3,120.3,5.3,7.27,2.19,1,0,0
773,1,0.0325449978260304,841,67,199,63,70.5,136.3,5.7,8.31,1.17,1,1,1
774,0,0.00210580828816334,843,75,168,110,81.4,137.4,5.2,1.35,2.11,1,0,0
775,1,0.5994557863260733,844,19,185,91,49.5,105.6,6.6,8.22,3.12,1,1,0
776,1,0.8708720126270989,845,22,188,83,75.5,107.7,9.3,9.22,3.23,1,1,1
777,0,0.33385891163964065,846,46,159,112,77.4,114.3,6.5,7.91,2.98,1,0,1
778,0,0.022677100883200838,847,54,174,77,67.4,120.7,5.7,2.01,2.64,1,0,0
779,0,0.17000356406315517,848,55,167,57,74.2,90.0,8.5,4.12,2.01,1,0,1
780,0,0.0425975659486542,850,25,185,51,74.4,145.6,6.3,1.6,1.56,1,0,1
781,1,0.11427526822710299,851,65,159,58,81.9,129.8,9.3,2.11,1.46,0,1,1
782,0,0.217714464373309,852,62,182,63,60.5,116.8,6.1,2.83,2.2,0,0,1
783,1,0.3213494944328901,854,39,154,64,90.3,92.8,7.4,5.11,2.31,1,1,1
784,0,0.6915398815750838,855,69,196,73,73.2,95.4,6.3,8.14,4.75,1,0,1
785,0,0.33852412260349224,856,34,198,68,64.0,118.0,8.8,7.53,2.57,1,0,0
786,1,0.5804359304462693,857,24,184,107,97.2,151.6,5.2,9.14,2.76,0,1,0
787,1,0.9695689680633411,858,42,193,118,71.1,90.0,7.8,8.33,4.19,0,1,1
788,0,0.09753519126200941,859,62,183,101,72.8,130.5,9.1,2.54,1.37,0,0,1
789,0,0.14322641655246585,860,21,182,52,73.0,109.8,8.7,3.31,1.73,1,0,0
790,1,0.8090214208568358,861,53,170,106,75.4,115.0,8.2,5.0,4.9,0,1,0
791,0,0.19902808493207244,862,23,166,73,65.9,105.9,9.9,0.14,3.02,1,0,0
792,0,0.02389070299382975,863,77,171,118,72.3,99.5,7.2,9.04,1.18,1,0,0
793,0,0.0321245936054533,864,48,197,61,81.4,121.9,5.2,0.44,1.19,0,0,0
794,0,0.5143191131685828,865,36,186,110,65.5,123.9,7.7,3.22,4.63,1,0,1
795,0,0.527630125232421,866,78,164,50,65.0,130.0,7.3,5.69,4.49,0,0,0
796,0,0.05534646601921683,867,61,184,102,66.5,94.7,4.3,5.18,2.83,1,0,0
797,0,0.11904724832607984,868,71,177,113,56.8,133.1,5.8,6.54,1.65,0,0,1
798,1,0.5510516853087148,869,56,156,72,61.8,133.4,5.6,5.28,4.32,0,1,0
799,1,0.12939885081447416,870,44,181,106,61.3,126.4,6.3,2.29,2.3,0,1,0
800,0,0.09720494969769956,871,27,160,85,70.0,113.7,7.0,2.01,2.68,1,0,0
801,1,0.8976629267747522,872,43,159,113,80.0,124.6,7.0,9.07,3.73,0,1,1
802,1,0.2513309668575235,873,36,158,85,87.4,117.6,6.3,2.64,2.41,0,1,0
803,1,0.03452976161100859,874,56,163,93,70.7,134.5,5.6,2.81,3.51,1,1,0
804,0,0.4590464916699153,875,79,162,93,75.5,114.5,8.1,4.13,4.54,0,0,0
805,1,0.7108146462024364,876,20,174,115,72.9,121.6,7.7,1.39,4.19,0,1,0
806,0,0.22479040430099154,877,62,151,47,45.0,93.9,7.7,5.07,2.53,1,0,1
807,1,0.8577375279264909,878,30,184,54,56.2,124.6,10.2,6.65,2.15,0,1,1
808,0,0.3354591976279879,879,67,156,79,79.1,108.8,7.7,7.86,2.14,0,0,0
809,0,0.49270844375328443,880,45,170,46,80.3,127.7,7.0,7.11,2.39,0,0,0
810,0,0.06109825033286531,881,79,167,68,80.0,131.8,7.3,1.48,2.97,0,0,0
811,0,0.14203785604358368,882,75,152,118,67.9,110.9,7.6,4.56,2.67,0,0,0
812,0,0.01926443442597355,883,37,191,82,46.1,120.5,8.4,0.39,1.53,1,0,0
813,0,0.012381009306981897,884,45,188,66,57.7,122.6,7.4,0.18,1.65,1,0,0
814,1,0.1766128710200172,886,78,198,87,77.5,131.8,6.8,2.53,3.25,0,1,1
815,0,0.47366862083880973,887,58,160,99,65.7,129.9,7.5,6.83,3.37,0,0,0
816,0,0.881998288003569,890,20,195,64,90.1,131.3,5.0,7.61,3.95,0,0,0
817,1,0.36260991622397304,891,30,168,85,59.0,141.1,7.6,0.48,2.71,0,1,1
818,0,0.26993983084875994,892,45,153,98,75.9,125.2,8.8,3.72,1.5,0,0,1
819,0,0.03992871080702425,893,79,175,64,64.3,126.1,6.9,2.73,3.12,1,0,1
820,0,0.24574367635676406,894,74,187,63,73.9,118.2,11.1,3.86,2.53,0,0,0
821,0,0.015520464936825658,895,77,191,110,60.3,113.3,10.7,1.6,1.55,1,0,1
822,1,0.5532658398967679,896,66,181,74,84.7,134.6,7.4,0.98,4.93,0,1,1
823,0,0.3968021134858159,897,42,188,97,60.6,124.0,7.8,5.21,2.48,0,0,0
824,1,0.6064762782319632,898,73,194,78,46.6,118.0,9.6,7.2,3.5,0,1,0
825,0,0.8211086825902122,899,50,195,66,94.4,104.7,7.4,7.02,2.96,0,0,1
826,0,0.007948154557676649,900,55,185,111,75.3,143.3,6.3,4.51,1.57,1,0,0
827,0,0.10393721454942477,901,70,189,50,57.2,121.7,8.8,5.22,1.22,0,0,0
828,1,0.7408166154485272,902,23,186,71,68.1,101.6,8.2,5.16,3.5,1,1,1
829,0,0.0572101841516848,903,75,182,54,63.1,121.2,6.3,6.92,1.99,1,0,1
830,0,0.09854741912396389,904,61,185,117,70.1,117.0,7.9,0.48,1.97,0,0,1
831,1,0.8083691145511959,905,62,152,92,79.6,116.4,7.3,7.1,4.83,0,1,0
832,0,0.141100117105104,906,49,158,114,77.7,128.6,6.9,5.82,2.85,1,0,1
833,0,0.008512196702630885,907,62,157,103,73.0,117.0,6.3,1.98,1.12,1,0,1
834,1,0.03626357809468243,908,78,182,103,70.1,115.4,7.7,0.49,2.36,0,1,0
835,1,0.12503085033610403,909,64,155,46,82.9,140.4,7.1,1.09,3.34,0,1,0
836,0,0.6452843385613308,910,38,190,73,46.9,93.9,7.9,5.25,2.31,0,0,0
837,1,0.08584151612192881,911,33,188,112,61.0,119.2,8.7,7.58,1.11,1,1,0
838,0,0.18691656200230408,912,71,153,109,58.3,133.9,7.8,3.35,2.78,0,0,1
839,0,0.06300657646490691,913,38,162,70,82.1,129.4,7.9,3.79,1.42,1,0,1
840,1,0.9488557859444152,914,28,198,54,61.1,135.3,6.7,9.34,3.48,0,1,1
841,0,0.016011743824668974,915,77,151,97,54.6,150.3,9.3,2.13,3.48,1,0,0
842,0,0.029814987806334552,916,54,154,103,76.6,145.5,6.2,1.04,1.15,0,0,1
843,0,0.16024085648169206,918,52,176,95,65.8,95.8,5.9,7.46,2.65,1,0,0
844,1,0.2775286430286468,919,36,181,92,98.6,124.9,9.1,6.26,3.2,1,1,0
845,1,0.26662785194004557,920,37,170,65,79.4,99.7,8.2,4.16,2.18,1,1,1
846,0,0.18959511677136756,921,74,157,66,67.5,91.1,9.5,9.65,2.15,1,0,0
847,1,0.962398450627531,922,35,187,74,68.5,124.7,5.5,7.35,4.93,0,1,1
848,0,0.013365512601789243,923,64,157,69,80.9,128.5,11.0,0.62,1.17,1,0,1
849,0,0.0010901280946987086,925,66,152,109,70.9,131.5,4.9,0.24,1.19,1,0,0
850,0,0.7151451321766018,926,31,193,89,71.2,148.8,10.8,6.5,2.15,0,0,1
851,1,0.45146293788879766,927,32,152,112,52.2,125.3,5.5,2.1,2.97,0,1,1
852,0,0.40692079244689877,929,18,155,93,67.9,132.3,7.2,3.1,1.54,0,0,1
853,0,0.2529346563522167,930,70,151,53,62.4,140.0,8.2,8.73,2.03,0,0,0
854,0,0.21359129793880435,931,71,172,80,77.0,125.9,6.3,3.37,4.89,1,0,1
855,0,0.2385126711377096,932,71,193,45,72.4,141.8,9.1,6.2,2.52,0,0,0
856,1,0.9036849645270005,934,33,187,80,72.0,128.2,7.5,9.17,3.82,0,1,0
857,0,0.5403851697528406,935,40,166,117,65.0,117.4,9.5,7.81,3.97,1,0,0
858,1,0.09114279905490943,936,74,184,90,94.8,155.7,7.4,2.43,3.75,0,1,0
859,1,0.4831446315650512,937,28,183,76,74.6,132.6,7.1,9.49,2.35,1,1,1
860,1,0.24202313147374654,938,29,172,76,51.3,103.2,10.5,3.57,1.45,1,1,1
861,0,0.6845152995851165,939,27,179,50,91.8,147.8,7.9,6.52,2.13,0,0,1
862,0,0.14570086164106152,940,49,157,92,62.4,109.0,6.0,7.43,1.84,1,0,1
863,0,0.16858101999832256,942,25,193,61,95.7,127.0,7.5,9.59,1.1,1,0,0
864,0,0.18081192041987448,943,55,185,118,74.2,128.2,4.0,3.44,4.74,1,0,1
865,1,0.304616518392357,944,29,154,71,78.4,127.3,6.6,1.9,4.68,1,1,0
866,0,0.6162399999624409,945,41,162,98,78.8,103.0,7.3,8.51,1.2,0,0,1
867,0,0.05348298816882272,946,45,178,94,67.5,127.3,7.2,7.03,1.69,1,0,0
868,0,0.07684249394195522,948,25,196,69,65.1,136.1,6.8,1.17,2.12,1,0,1
869,1,0.11286626521338425,949,75,165,72,89.3,100.5,9.3,7.15,1.82,1,1,1
870,0,0.3309929963558618,950,45,191,59,72.4,110.2,9.0,0.75,4.78,1,0,0
871,0,0.231376657388412,951,53,179,48,85.8,104.3,7.6,9.17,1.34,1,0,1
872,0,0.13729569997807886,952,43,165,117,69.1,125.1,7.4,7.42,1.85,1,0,1
873,0,0.16634901535041396,953,25,161,71,60.9,96.7,7.3,3.35,1.32,1,0,1
874,1,0.4100216955449558,954,75,166,70,52.7,103.2,7.9,3.63,4.92,1,1,1
875,0,0.2102980168461237,955,77,165,63,77.8,110.0,7.7,5.06,4.67,1,0,0
876,1,0.5748038052134274,956,67,161,61,90.3,93.0,8.0,3.61,3.87,0,1,0
877,1,0.6522917212009092,957,45,157,87,59.4,119.6,8.3,7.83,2.7,0,1,0
878,1,0.6188188480947241,958,45,169,85,76.2,90.0,5.7,9.75,1.76,0,1,0
879,0,0.07201353396190704,959,54,152,86,53.5,127.3,7.0,5.85,1.89,1,0,1
880,0,0.13008694303137408,960,58,165,94,63.3,114.0,7.8,4.46,2.77,1,0,1
881,1,0.6486529285377473,961,53,179,84,73.2,110.6,6.1,2.23,4.07,0,1,1
882,0,0.041789056707007395,963,71,172,67,69.8,119.1,7.2,6.86,2.24,1,0,0
883,1,0.7295111651780191,964,34,177,96,60.0,128.9,7.2,6.85,3.4,0,1,0
884,1,0.7604391182361007,966,50,154,107,68.0,135.2,6.2,8.99,3.34,0,1,1
885,0,0.020716618841400938,967,70,169,113,81.3,153.5,9.0,3.38,2.55,1,0,1
886,0,0.2856070638142835,969,30,193,92,53.7,122.1,7.7,7.6,2.61,1,0,0
887,1,0.8882559978800426,970,45,150,78,52.2,113.1,6.9,6.51,4.68,0,1,0
888,0,0.16302238734437194,971,65,179,84,47.1,113.6,7.9,3.95,2.17,0,0,0
889,0,0.08746839046552687,972,46,170,119,77.6,128.1,10.0,6.08,2.29,1,0,0
890,0,0.015190743530626594,973,30,169,105,100.7,105.0,6.9,0.4,1.26,1,0,0
891,0,0.129826106890678,974,63,155,94,75.2,123.4,6.7,7.62,3.46,1,0,0
892,0,0.5398939801232285,975,52,171,111,90.1,119.7,6.3,1.0,4.4,0,0,1
893,0,0.09419235685085685,976,78,167,106,83.6,109.1,7.4,3.97,2.41,0,0,0
894,0,0.05730650503808738,977,23,157,102,63.8,104.2,7.4,1.04,1.96,1,0,0
895,1,0.7721172173231582,979,68,181,119,64.3,99.1,8.2,5.5,3.98,0,1,1
896,1,0.9471257516860837,980,22,182,60,64.5,119.0,8.0,6.91,3.27,0,1,1
897,0,0.030255396045197204,981,64,165,92,67.5,138.3,7.5,6.83,2.22,1,0,0
898,1,0.803775828845032,982,42,161,54,68.1,127.9,10.4,8.42,1.88,0,1,1
899,1,0.8863773863629208,983,19,187,82,77.9,112.9,8.5,1.33,3.86,0,1,1
900,1,0.6272579639407174,984,27,183,63,61.9,102.1,5.9,6.6,3.09,1,1,1
901,0,0.033882779242379764,985,73,163,80,80.7,121.9,5.2,5.75,3.08,1,0,0
902,0,0.023913569196452128,986,47,185,103,80.5,90.0,6.5,0.31,1.29,1,0,1
903,0,0.0940158213915691,988,76,172,90,93.3,120.5,6.3,2.68,4.29,1,0,1
904,0,0.36035439203226133,989,62,199,47,85.4,136.1,6.6,0.73,4.79,0,0,0
905,0,0.09781115647509113,991,72,151,109,70.8,115.1,7.0,0.27,3.52,0,0,0
906,1,0.36986771299559545,992,73,190,52,74.2,126.6,4.4,5.53,3.27,0,1,1
907,0,0.09511904709425163,994,71,151,117,70.2,99.9,8.8,2.87,4.0,1,0,0
908,1,0.984437668737546,995,18,176,50,65.5,110.3,5.6,9.1,4.86,0,1,0
909,0,0.4507080427593945,996,35,158,83,45.0,141.0,7.6,5.03,4.84,1,0,0
910,0,0.07635334578222915,997,49,150,104,78.6,123.9,5.8,2.69,1.9,0,0,0
911,0,0.4121980656816062,998,64,160,72,82.5,95.0,6.6,5.98,3.9,1,0,1
912,0,0.04703610720836308,999,66,152,98,56.1,133.2,8.2,2.02,3.12,1,0,1
913,0,0.5238659297455769,1000,28,172,81,77.3,96.0,8.7,0.74,1.86,0,0,1
914,0,0.030749986394180383,1001,38,175,53,62.9,115.4,8.7,0.21,1.78,1,0,0
915,0,0.37392115107689167,1002,43,153,100,65.6,128.4,7.9,9.52,1.32,0,0,0
916,1,0.40987235030743857,1003,42,167,103,85.7,138.2,9.4,7.25,4.18,1,1,0
917,0,0.5505737356759717,1004,39,155,46,58.1,90.0,6.6,8.0,2.3,1,0,1
918,0,0.2496030522415931,1005,76,184,105,58.1,130.7,6.9,9.81,4.43,1,0,0
919,1,0.5982509728556912,1006,44,171,102,91.7,132.9,4.0,9.32,3.43,0,1,0
920,0,0.6009484883504921,1007,66,192,104,68.3,111.6,7.4,7.37,3.69,0,0,0
921,1,0.7012501305721148,1009,50,171,80,50.8,90.0,7.9,3.37,2.83,0,1,1
922,0,0.05028146482814689,1010,51,186,81,51.8,90.0,6.6,1.04,2.65,1,0,0
923,0,0.21600050229944795,1011,58,191,62,59.0,136.6,8.8,5.74,1.94,0,0,0
924,1,0.7517956260350684,1012,52,161,107,64.2,111.9,7.4,5.76,4.33,0,1,0
925,0,0.0843108125732885,1014,38,198,55,74.4,123.5,8.2,4.43,1.15,1,0,1
926,1,0.7715884644989933,1015,65,191,102,75.2,114.5,9.6,6.91,4.28,0,1,0
927,1,0.1877594641140161,1016,72,187,101,59.2,113.1,8.0,5.75,1.42,0,1,1
928,0,0.7149980828370831,1017,23,167,35,60.2,125.9,8.4,1.77,2.61,0,0,1
929,1,0.7914073720173943,1018,45,194,51,61.8,97.6,7.4,5.92,3.29,0,1,0
930,0,0.020940501946131222,1019,34,184,105,56.0,137.4,6.7,5.4,1.03,1,0,0
931,1,0.9250194471962493,1020,22,179,98,45.0,116.5,8.2,4.94,3.61,0,1,1
932,1,0.742676154836942,1021,48,173,112,69.0,104.9,9.8,5.13,3.64,0,1,0
933,0,0.3326109632608897,1022,22,191,45,64.8,102.9,6.6,1.64,3.61,1,0,0
934,0,0.043577568723606366,1023,55,179,99,66.1,120.6,7.1,4.63,1.65,1,0,1
935,1,0.8423113185435966,1024,20,163,47,57.9,115.4,7.5,6.06,2.02,0,1,1
936,0,0.08046380398862607,1025,70,155,82,79.7,96.8,8.5,4.89,1.99,1,0,1
937,1,0.9597976348248477,1026,40,152,45,99.1,111.0,8.0,4.89,4.84,0,1,1
938,0,0.21712771966313194,1028,70,156,73,86.8,138.9,10.5,1.91,2.72,0,0,1
939,1,0.6177341590153319,1029,54,163,49,74.4,122.0,6.5,3.21,4.49,0,1,0
940,1,0.9375871071372355,1031,27,164,65,65.9,109.4,8.0,5.94,4.29,0,1,0
941,1,0.7461371322434341,1032,36,170,115,69.0,115.6,7.5,8.63,4.89,1,1,0
942,1,0.2448172155095477,1033,34,184,111,83.8,125.8,8.4,1.59,2.55,0,1,0
943,0,0.10879050029832298,1034,38,151,91,56.3,129.1,7.1,0.15,2.24,0,0,0
944,0,0.03529670964479944,1035,31,176,79,66.7,130.8,8.0,4.49,1.12,1,0,0
945,0,0.2590904822495701,1036,26,151,112,85.0,106.7,5.5,4.32,1.6,0,0,0
946,1,0.9150680382239478,1038,18,167,45,56.5,114.7,9.1,8.33,1.63,0,1,1
947,1,0.7340273037425242,1039,68,163,112,67.8,142.2,9.0,8.02,3.95,0,1,1
948,0,0.00789053818557571,1040,62,169,56,78.7,105.0,7.9,1.0,1.15,1,0,0
949,1,0.6881631966543827,1041,30,167,104,78.0,112.1,6.8,9.34,2.04,0,1,0
950,0,0.3974012361070285,1042,21,159,71,81.7,130.9,8.7,1.1,3.78,1,0,1
951,0,0.2231466124948845,1043,79,174,100,74.6,130.1,9.4,6.35,2.02,0,0,1
952,1,0.7591330198964737,1044,18,151,67,76.6,128.3,6.9,6.72,3.92,1,1,1
953,1,0.7402912313210451,1045,66,174,69,74.1,121.2,5.3,6.8,4.98,0,1,0
954,1,0.7919505946793914,1046,57,182,65,89.0,104.0,8.2,2.65,4.19,0,1,1
955,1,0.4843829940736085,1047,49,185,105,64.9,109.6,8.9,3.3,2.37,0,1,1
956,0,0.45677549142330653,1048,51,180,107,70.6,136.9,8.4,5.49,4.6,1,0,1
957,0,0.08096521498718785,1049,45,163,96,57.8,131.6,9.8,2.0,1.2,0,0,0
958,0,0.34426289447798086,1050,48,150,69,55.5,100.0,9.9,0.2,3.9,1,0,1
959,0,0.04020933583767257,1051,25,195,99,73.9,133.0,7.0,5.62,1.09,1,0,0
960,0,0.1904987683171413,1052,56,165,90,61.3,139.6,7.8,4.65,1.7,0,0,1
961,1,0.9542040198342319,1053,43,195,76,69.3,120.8,6.8,6.57,4.95,0,1,1
962,1,0.004693481274459518,1054,75,152,99,89.4,126.4,6.0,1.47,2.44,1,1,0
963,0,0.20519932280775433,1056,71,190,80,96.7,109.6,8.6,1.46,2.5,0,0,1
964,0,0.7465106137233393,1057,71,155,93,89.7,154.9,8.0,8.91,4.36,0,0,1
965,1,0.5772987391382244,1058,20,174,102,98.8,138.3,8.8,4.5,4.86,1,1,0
966,1,0.27852173053651763,1059,76,162,83,75.2,127.9,11.3,5.5,2.74,0,1,0
967,0,0.1785180479736056,1060,67,183,105,59.2,119.5,8.2,8.97,3.24,1,0,0
968,1,0.7761770081563262,1061,29,157,53,58.0,127.4,6.3,3.0,3.51,0,1,1
969,1,0.9507969794271077,1062,18,170,50,86.8,96.6,9.1,1.82,4.74,0,1,0
970,0,0.08832961355240489,1063,71,183,79,70.6,151.2,6.3,4.46,2.03,0,0,1
971,1,0.4640812979896079,1064,61,153,83,71.5,136.9,10.1,2.44,3.44,0,1,1
972,1,0.5623000217253274,1065,22,174,66,63.4,142.0,4.5,5.28,2.3,0,1,1
973,0,0.24159534167125113,1066,47,164,85,64.8,120.5,6.7,2.75,1.87,0,0,1
974,1,0.6690243547909903,1067,47,153,49,74.6,114.6,8.4,8.64,1.34,0,1,1
975,0,0.25527068357565535,1068,76,194,86,57.3,109.9,9.3,6.07,3.48,1,0,1
976,0,0.044889396137192505,1069,74,161,111,73.1,132.2,6.5,0.0,4.53,1,0,1
977,1,0.8195774581401716,1070,34,181,74,88.1,112.3,6.2,8.05,2.41,0,1,1
978,0,0.24867484605246815,1071,65,181,101,45.0,117.2,7.7,3.3,3.21,0,0,0
979,0,0.3411219147511542,1072,64,177,117,51.5,128.2,10.4,3.2,3.57,0,0,0
980,0,0.5502913836533496,1073,40,162,73,78.1,110.1,5.2,3.83,2.66,0,0,1
981,1,0.4975084156579016,1074,32,180,81,86.4,135.7,7.0,6.3,4.61,1,1,0
982,0,0.06482564871225502,1075,54,163,57,64.1,119.7,7.9,4.42,2.45,1,0,0
983,0,0.10036457232455424,1076,38,169,76,46.0,97.4,6.3,6.29,1.5,1,0,0
984,0,0.0525298087685895,1077,31,167,90,87.2,109.9,6.3,1.47,1.58,1,0,1
985,1,0.826387571672144,1078,19,178,67,60.3,139.6,7.1,9.7,4.56,1,1,0
986,1,0.9868999264966866,1079,28,155,89,65.7,105.9,7.9,7.3,4.95,0,1,1
987,0,0.06344890886764849,1080,68,181,61,73.8,133.4,7.2,2.5,2.16,0,0,0
988,1,0.26783765230173284,1081,56,178,110,62.0,121.8,9.7,7.24,1.57,0,1,0
989,0,0.1618035454187286,1082,55,192,50,59.5,117.4,8.4,5.75,2.93,1,0,0
990,0,0.17872708518633942,1083,77,151,62,59.7,157.7,8.1,1.09,3.84,0,0,1
991,1,0.7569092429983515,1085,55,168,77,83.9,108.9,8.1,0.41,4.8,0,1,1
992,0,0.33260909370274966,1087,51,154,76,45.0,156.2,7.1,5.52,4.48,1,0,1
993,0,0.198793372569651,1088,35,168,86,76.9,119.7,5.8,3.17,3.17,1,0,1
994,0,0.43263197410153903,1089,47,183,54,76.3,124.1,10.5,1.26,2.31,0,0,1
995,0,0.647742633804573,1090,32,159,80,54.7,115.0,8.9,4.84,3.81,1,0,1
996,0,0.4748665375965891,1091,44,174,78,73.1,125.4,4.0,5.25,2.76,0,0,1
997,0,0.04806568476828862,1092,68,151,117,82.6,115.9,9.5,7.02,2.15,1,0,0
998,0,0.28970182348111767,1093,51,160,72,76.8,130.4,5.3,9.7,1.61,0,0,0
999,0,0.45570848441717277,1094,69,199,55,61.8,131.6,8.3,4.35,3.11,0,0,1
1000,0,0.026253275047703962,1095,74,180,83,70.2,116.5,4.2,4.06,3.38,1,0,0
1001,0,0.09546042364197534,1096,55,164,91,78.8,103.1,6.9,3.7,3.28,1,0,0
1002,1,0.6330617530081938,1097,50,158,63,70.7,121.4,9.5,8.27,1.47,0,1,1
1003,1,0.574910204031311,1098,41,172,59,85.1,141.0,9.6,1.56,3.28,0,1,1
1004,1,0.34172846792163697,1099,32,168,72,74.7,107.6,8.0,3.44,1.67,0,1,0
1005,0,0.2530179014752252,1100,77,158,68,79.0,125.0,8.7,7.25,3.65,1,0,1
1006,0,0.12484717572870307,1101,47,184,116,79.9,101.9,5.4,0.16,2.72,0,0,0
1007,0,0.32170349996248343,1102,72,170,53,57.2,104.4,8.3,2.89,4.4,1,0,1
1008,0,0.1966286292220003,1103,59,158,91,70.6,139.5,8.8,6.41,4.11,1,0,0
1009,0,0.17246150493595538,1104,68,177,77,66.0,130.4,11.4,1.86,3.9,1,0,1
1010,0,0.14953698979849384,1105,34,195,106,82.5,125.2,6.6,3.03,3.8,1,0,0
1011,1,0.5293864590262801,1106,22,156,63,75.6,90.0,7.5,4.86,3.24,1,1,0
1012,0,0.021840824010842065,1107,46,165,111,67.7,111.7,7.6,4.22,1.24,1,0,0
1013,0,0.558231430537722,1108,21,165,118,54.6,129.1,8.5,1.06,3.62,0,0,0
1014,1,0.8322363035376658,1109,27,182,84,50.8,98.3,8.8,9.38,2.87,1,1,1
1015,0,0.09454547214726637,1110,73,153,91,73.7,114.7,9.1,0.44,2.88,0,0,0
1016,1,0.7874746839680558,1111,34,153,109,61.4,131.5,9.0,7.5,2.52,0,1,1
1017,0,0.5440293029380324,1113,34,189,94,50.3,94.8,4.0,4.67,2.0,0,0,1
1018,1,0.07986081579897893,1114,77,166,57,89.1,97.6,6.7,1.75,2.27,0,1,0
1019,0,0.5281476922737944,1115,37,186,45,78.0,125.0,7.4,1.41,4.85,1,0,1
1020,0,0.17685447231426699,1116,41,188,78,71.2,111.6,6.6,1.26,4.24,1,0,0
1021,1,0.031335193348484384,1117,22,178,92,90.2,133.2,6.8,4.53,1.06,1,1,0
1022,1,0.8618070839455322,1118,51,185,92,81.4,121.8,7.0,5.15,4.62,0,1,1
1023,0,0.2786424085277264,1120,70,188,108,70.9,101.4,5.9,9.79,3.82,1,0,0
1024,0,0.1865428054201932,1121,19,199,105,46.4,125.0,7.4,2.58,3.21,1,0,0
1025,0,0.2861629483336525,1122,30,186,73,82.8,108.1,7.4,4.59,3.15,1,0,0
1026,0,0.3313437367070918,1123,79,184,83,66.4,129.0,8.3,2.16,3.87,0,0,1
1027,0,0.21027171224314115,1124,60,156,70,46.3,121.8,9.2,4.94,1.83,0,0,0
1028,1,0.6578360112793279,1125,60,176,61,55.8,105.1,10.0,7.56,1.64,0,1,1
1029,0,0.14367459031119184,1126,65,177,115,80.5,117.6,6.4,5.21,3.61,1,0,1
1030,1,0.6781477670027997,1128,68,163,113,70.2,111.0,7.1,2.48,4.9,0,1,1
1031,0,0.01106602082361423,1130,74,186,93,53.0,104.5,11.6,1.18,1.45,1,0,0
1032,0,0.13468040147950322,1131,40,171,111,87.0,151.4,6.2,3.7,3.74,1,0,1
1033,0,0.18297456490203134,1133,33,151,102,66.0,125.2,8.9,2.58,1.59,0,0,0
1034,1,0.9924111207119058,1135,28,170,97,78.1,115.4,10.6,8.87,4.86,0,1,1
1035,1,0.37272110587041674,1136,71,187,109,77.7,129.2,7.2,7.32,2.65,0,1,1
1036,0,0.40383392104561977,1137,33,164,106,59.2,123.3,6.2,5.61,2.39,0,0,0
1037,1,0.5881738410044081,1138,25,170,61,56.3,132.0,6.2,2.24,2.78,0,1,1
1038,1,0.4264071914948681,1139,21,159,87,56.9,142.4,8.6,5.1,1.05,0,1,1
1039,0,0.020626943900748138,1140,57,172,69,64.4,128.2,7.2,5.21,1.53,1,0,0
1040,0,0.4150698104324412,1142,73,154,73,89.4,111.7,8.2,0.6,4.91,0,0,0
1041,0,0.1963495870728605,1143,42,150,76,64.0,116.9,8.6,9.73,1.63,1,0,0
1042,1,0.23468395291909927,1144,20,162,70,55.0,144.6,7.9,4.65,3.14,1,1,0
1043,0,0.7466996484173308,1145,49,170,60,55.7,129.0,8.8,9.27,4.87,1,0,0
1044,0,0.03227590737945924,1146,20,175,69,67.8,123.7,7.6,0.1,1.63,1,0,0
1045,0,0.1484876340012652,1147,44,199,98,48.1,108.7,6.6,2.48,1.75,0,0,0
1046,0,0.754114953726368,1149,49,170,117,54.0,108.3,6.2,7.7,3.82,0,0,0
1047,1,0.3063941180022331,1151,78,186,109,71.4,121.7,9.2,8.4,2.57,0,1,0
1048,0,0.033308361654502315,1152,75,194,85,95.5,90.0,7.0,8.32,1.23,1,0,0
1049,1,0.5459480157379187,1153,68,181,95,67.3,129.2,10.0,6.68,2.73,0,1,1
1050,1,0.47812755608335733,1154,36,185,115,45.0,125.7,8.8,6.66,4.11,1,1,0
1051,1,0.8664436933755468,1155,38,166,73,87.5,114.7,6.9,7.0,3.22,0,1,1
1052,1,0.9152756780943353,1156,22,184,63,76.0,116.1,8.2,6.74,3.59,0,1,0
1053,1,0.6961700710647324,1157,35,198,110,77.9,118.2,11.3,3.87,2.31,0,1,1
1054,0,0.2069437717749355,1158,45,160,85,58.0,108.2,8.6,6.83,1.65,1,0,1
1055,0,0.21757732670265495,1159,59,170,89,69.5,122.8,8.4,8.97,1.05,0,0,0
1056,1,0.5490192336931959,1160,78,175,59,72.2,116.3,6.6,3.33,4.29,0,1,1
1057,0,0.0389851911159557,1162,38,183,55,49.2,117.7,9.5,0.14,1.92,1,0,0
1058,1,0.6238969442152037,1164,18,167,90,80.0,124.2,10.3,1.32,4.21,1,1,1
1059,1,0.4773738876481388,1165,22,189,74,75.0,131.7,7.7,1.27,3.15,0,1,0
1060,0,0.14443553413019378,1166,58,184,101,85.8,112.1,6.2,8.15,2.2,1,0,1
1061,0,0.6428382547688659,1168,43,178,95,61.9,127.8,8.8,7.78,1.87,0,0,1
1062,1,0.4814502603056489,1169,63,178,92,85.0,100.7,6.2,9.77,4.29,1,1,0
1063,0,0.15797397245962858,1170,51,187,110,80.2,134.6,5.8,2.16,3.33,0,0,0
1064,1,0.28356826318499195,1171,66,191,52,62.3,150.8,6.8,1.41,3.84,0,1,1
1065,1,0.9445253524316716,1172,31,170,66,79.5,118.7,7.1,5.21,4.44,0,1,1
1066,1,0.8648222875027304,1173,43,191,50,67.1,117.4,6.5,8.29,4.95,1,1,1
1067,0,0.04032180129052271,1174,62,162,101,72.5,116.8,6.8,0.4,2.0,0,0,0
1068,1,0.30847555958097705,1175,44,198,80,77.2,129.3,8.9,9.96,1.72,1,1,1
1069,1,0.6577899085260775,1176,26,190,101,86.4,127.7,7.9,6.02,2.85,0,1,0
1070,0,0.25832407537726615,1177,43,166,93,62.2,96.1,6.7,9.79,1.14,1,0,1
1071,0,0.17866320171837677,1178,74,158,89,74.4,107.0,6.9,3.65,4.17,1,0,1
1072,0,0.2667056744753394,1180,74,150,89,67.9,117.8,7.4,7.52,3.74,1,0,1
1073,0,0.23515941434437082,1181,39,151,64,72.4,102.5,7.4,7.93,2.07,1,0,0
1074,0,0.028680100331898627,1182,64,197,108,94.2,142.5,8.8,2.33,1.49,0,0,0
1075,0,0.09437616648888321,1183,73,178,111,77.6,108.0,7.8,9.3,2.53,1,0,0
1076,1,0.9265937171263525,1184,47,182,47,52.3,120.5,7.8,8.67,4.33,0,1,0
1077,0,0.09982396882275235,1185,60,159,98,60.5,117.4,9.6,0.18,2.39,0,0,0
1078,1,0.018424270724533225,1186,65,199,108,78.3,103.8,10.3,1.29,1.14,1,1,1
1079,0,0.009949350898605597,1187,78,189,84,75.1,122.8,5.7,4.96,2.1,1,0,0
1080,1,0.7996152675332264,1188,34,170,103,72.0,125.9,5.1,4.61,4.96,0,1,0
1081,1,0.7618521384843263,1189,43,177,99,95.9,113.0,7.0,7.08,3.71,0,1,0
1082,0,0.15081905208610147,1190,53,160,106,62.6,115.0,8.7,0.9,4.6,1,0,0
1083,0,0.9722677664354966,1191,18,183,48,69.1,129.0,8.1,6.45,4.1,0,0,1
1084,1,0.9541113538967482,1192,25,157,104,46.4,90.4,9.1,6.16,3.16,0,1,1
1085,0,0.038636518457280625,1194,52,157,74,60.4,123.2,4.6,5.42,2.39,1,0,0
1086,0,0.5658916809046591,1196,69,164,106,81.4,111.9,8.3,1.47,4.48,0,0,1
1087,0,0.09891689504670063,1197,32,166,93,98.2,133.5,9.1,5.73,2.07,1,0,0
1088,0,0.050371475808319445,1198,64,172,53,77.8,110.5,4.6,9.77,1.48,1,0,0
1089,0,0.12196588180608951,1199,73,173,75,65.7,149.7,9.6,2.37,3.24,0,0,0
1090,0,0.1377862394062017,1200,39,194,105,75.4,93.7,8.2,3.55,1.71,1,0,1
1091,1,0.7278225379435976,1201,31,168,92,60.9,90.0,7.4,2.57,3.44,0,1,0
1092,0,0.25518971607374913,1202,43,154,69,73.8,133.2,6.6,2.66,2.05,0,0,1
1093,1,0.594807110835971,1203,45,181,80,67.6,105.2,9.9,4.04,1.92,0,1,1
1094,1,0.5432298287871373,1204,40,193,52,69.2,105.5,8.8,7.02,2.6,1,1,1
1095,0,0.127945336027283,1205,31,150,117,59.2,134.8,8.2,0.39,3.37,1,0,1
1096,1,0.5742962018178568,1206,41,172,102,73.6,112.5,6.4,9.57,3.18,1,1,1
1097,0,0.05111978362411584,1207,19,186,89,79.9,133.7,9.9,0.46,1.98,1,0,0
1098,1,0.9327856708816966,1208,62,157,106,50.2,110.8,7.5,8.81,4.56,0,1,1
1099,1,0.6160418320296894,1209,43,162,83,61.7,125.4,7.9,8.94,1.44,0,1,1
1100,0,0.44575000573310347,1210,31,157,102,72.0,112.3,7.6,5.24,1.16,0,0,1
1101,0,0.23670524799363443,1211,76,172,108,45.0,106.2,6.4,1.37,3.41,0,0,1
1102,0,0.015441286186993069,1212,73,192,88,90.9,146.0,8.0,5.65,1.49,1,0,1
1103,1,0.06517984216995781,1213,68,150,73,61.5,136.7,8.5,6.29,3.02,1,1,0
1104,1,0.9237021838238371,1214,24,194,103,58.7,109.1,6.8,8.58,4.81,1,1,1
1105,1,0.6769644138254026,1215,20,173,115,67.5,117.3,7.9,5.51,3.79,1,1,1
1106,0,0.11829874465064405,1216,64,184,53,71.6,142.1,7.6,4.11,3.47,1,0,1
1107,0,0.4112878834182405,1218,63,166,73,81.8,106.0,7.1,9.81,1.72,0,0,0
1108,0,0.4955809551289762,1219,60,154,102,74.8,127.1,7.8,6.45,2.73,0,0,1
1109,1,0.4799192721246254,1220,64,169,61,60.0,154.1,8.2,8.74,2.37,0,1,1
1110,0,0.38826832660135074,1221,77,170,60,63.7,120.8,7.0,5.99,4.81,1,0,1
1111,0,0.07461324709390221,1222,62,189,47,51.8,135.7,6.3,6.9,1.97,1,0,1
1112,1,0.22669731804118418,1224,75,195,108,74.7,125.4,8.1,7.05,4.75,1,1,0
1113,0,0.5625062535401922,1225,55,185,80,60.1,114.6,7.1,3.21,4.16,0,0,0
1114,0,0.37623303977669925,1226,52,160,106,91.7,148.0,7.1,5.76,4.86,1,0,1
1115,0,0.06323932044928299,1227,68,164,86,70.9,144.0,8.4,5.94,3.43,1,0,0
1116,0,0.3328408787090638,1228,32,168,35,53.8,154.2,9.0,3.15,2.34,0,0,0
1117,0,0.22336082234844007,1230,72,177,57,82.6,120.5,6.6,7.62,2.17,0,0,0
1118,0,0.2613228935543527,1231,54,192,55,69.1,125.6,8.9,5.83,1.66,0,0,0
1119,0,0.7755870038337013,1232,45,154,98,81.9,110.2,10.6,1.49,3.83,0,0,1
1120,1,0.8689681776886009,1234,56,179,52,63.3,133.6,7.4,8.83,4.52,0,1,0
1121,1,0.5687276333988633,1235,74,181,103,83.4,111.7,7.1,4.66,4.85,0,1,0
1122,1,0.8321401188704465,1236,34,157,101,59.7,109.4,5.9,2.09,4.43,0,1,1
1123,0,0.5994884060127654,1237,56,159,84,75.9,108.5,8.8,9.48,1.24,0,0,1
1124,1,0.5863398183671086,1238,39,187,103,67.5,99.8,7.4,8.82,3.66,1,1,0
1125,1,0.7607917753257379,1239,43,196,46,80.5,132.8,7.3,2.44,4.14,0,1,1
1126,1,0.647922829244726,1240,79,181,54,91.8,109.4,8.5,0.96,4.93,0,1,1
1127,1,0.30879872547901005,1241,61,197,88,65.3,107.8,8.7,4.41,2.5,0,1,0
1128,0,0.7221551946244474,1243,34,166,46,78.0,119.8,6.6,1.75,4.41,0,0,0
1129,0,0.4919671917004085,1244,30,180,94,57.0,112.1,6.6,5.13,2.27,0,0,0
1130,1,0.2772038360995622,1245,37,157,56,89.4,132.2,10.7,4.25,3.39,1,1,0
1131,1,0.9093029969198452,1246,42,189,67,87.4,111.5,9.7,8.91,2.56,0,1,1
1132,0,0.4306995884163353,1247,21,174,62,58.0,90.0,8.6,4.3,2.61,1,0,0
1133,0,0.2844257700086015,1248,27,158,106,51.0,140.0,6.9,5.34,3.93,1,0,0
1134,1,0.935200266666782,1249,20,151,106,56.1,107.6,7.1,9.55,2.45,0,1,1
1135,1,0.4950399264454842,1250,58,164,82,56.3,109.2,8.0,3.0,3.77,0,1,0
1136,0,0.16047610219458772,1251,62,199,111,79.6,109.3,10.8,2.89,1.06,0,0,1
1137,1,0.7979923312473711,1252,35,152,82,88.6,120.9,7.9,8.0,2.3,0,1,1
1138,0,0.018324361880320796,1253,64,198,111,79.5,115.9,8.3,2.78,2.28,1,0,0
1139,0,0.3103989604079103,1254,53,185,105,67.2,134.8,4.0,8.32,4.0,1,0,1
1140,0,0.0522859850395606,1255,64,153,45,74.1,144.7,7.9,0.96,2.26,0,0,0
1141,0,0.1664571232494424,1256,39,163,89,59.6,109.8,5.4,1.11,3.53,1,0,1
1142,0,0.29436971273539514,1258,64,190,65,75.2,112.2,7.6,5.41,3.63,1,0,1
1143,1,0.9277010355134616,1259,25,174,57,79.3,126.6,7.0,7.19,3.41,0,1,1
1144,0,0.11254457816876227,1261,66,159,51,68.0,112.5,6.6,1.66,2.49,0,0,0
1145,1,0.855593316680607,1262,61,170,66,78.7,100.5,7.2,8.35,3.26,0,1,1
1146,0,0.03921934290819978,1263,36,185,118,87.3,90.0,7.1,3.59,1.25,1,0,0
1147,0,0.2717498981411675,1264,59,161,97,62.7,104.9,7.5,4.55,4.5,1,0,0
1148,0,0.057303179864372784,1265,58,176,48,79.4,139.0,7.4,0.28,4.3,1,0,0
1149,0,0.28759709221078505,1266,54,189,67,61.5,126.5,9.4,3.86,2.39,0,0,0
1150,0,0.7390410713923847,1267,23,151,114,95.4,117.1,4.4,7.7,3.27,0,0,0
1151,1,0.7844199921829094,1268,69,162,77,65.0,130.9,7.9,8.21,4.73,0,1,0
1152,1,0.8947908125258933,1270,51,180,52,72.0,120.9,7.3,6.92,3.97,0,1,1
1153,0,0.4048304661102814,1272,73,181,81,72.8,125.2,7.3,5.38,3.09,0,0,1
1154,0,0.25200077964306367,1273,76,181,107,63.8,123.9,5.0,7.43,4.54,1,0,1
1155,0,0.40733946274953986,1274,62,183,66,77.7,124.2,7.8,2.47,3.21,0,0,1
1156,1,0.5220705184507004,1276,54,159,65,68.1,131.6,6.4,9.5,4.63,1,1,0
1157,1,0.5226053841511941,1277,74,164,79,56.9,101.9,10.4,0.28,3.86,0,1,1
1158,0,0.33804351952182177,1279,70,189,104,80.6,116.9,7.6,5.7,3.35,0,0,0
1159,1,0.9238426919812075,1280,39,167,90,49.0,90.4,9.5,7.38,3.53,0,1,0
1160,1,0.8874728892514084,1281,38,158,94,67.0,118.4,10.7,5.38,4.21,0,1,0
1161,1,0.9902972317679851,1283,23,189,50,68.9,104.8,6.6,9.78,4.18,0,1,1
1162,0,0.07560888006300588,1284,72,163,100,96.1,140.0,7.3,7.04,3.83,1,0,0
1163,1,0.6009525713343054,1286,21,199,73,58.5,112.8,8.8,0.4,4.27,1,1,1
1164,0,0.1151207023241588,1287,47,171,115,45.0,110.0,6.2,2.36,3.94,1,0,0
1165,0,0.6367571234590831,1288,28,179,62,93.9,94.4,9.4,3.74,4.08,1,0,0
1166,0,0.6314329156756268,1290,79,170,52,46.2,109.3,9.2,0.73,4.61,0,0,1
1167,0,0.18256752359643286,1292,48,181,98,53.3,90.0,6.9,5.34,2.01,1,0,1
1168,0,0.36580221706016935,1293,41,195,82,62.7,130.7,8.8,6.96,3.65,1,0,0
1169,0,0.27518319519395595,1294,72,198,92,70.5,130.6,8.6,7.74,3.69,1,0,1
1170,0,0.16764508010294316,1295,26,170,71,79.7,137.7,7.1,0.43,2.25,0,0,0
1171,0,0.13620512924670058,1296,72,184,64,67.9,97.6,7.3,4.28,3.81,1,0,0
1172,0,0.10961263324933247,1297,20,181,56,70.3,115.6,6.8,1.22,2.55,1,0,0
1173,0,0.010527648326766578,1298,68,179,87,63.0,134.1,7.2,4.31,1.0,1,0,1
1174,0,0.03194221598840078,1299,48,188,105,51.9,135.4,6.1,4.34,1.65,1,0,1
1175,0,0.15149392766960668,1300,57,198,75,47.8,142.2,5.8,4.98,4.53,1,0,0
1176,0,0.10282643293144281,1301,54,161,105,65.6,121.5,9.0,8.93,1.89,1,0,0
1177,0,0.08738129907180114,1302,53,190,118,71.0,119.2,7.2,8.05,1.45,1,0,1
1178,1,0.508020649979612,1303,41,196,111,64.7,96.6,9.2,6.37,3.73,1,1,0
1179,1,0.9591645693177642,1305,23,170,35,72.4,113.1,8.0,6.78,4.19,0,1,0
1180,1,0.9610420139222904,1306,19,162,60,89.6,120.5,6.4,8.19,4.45,0,1,0
1181,1,0.8390936948886382,1307,37,170,57,68.6,119.5,5.7,5.64,4.38,0,1,0
1182,0,0.12963965774728,1308,45,157,79,63.0,90.0,6.8,5.25,2.25,1,0,0
1183,1,0.4847099237981838,1309,28,195,119,69.3,107.8,9.8,7.24,3.02,1,1,0
1184,1,0.5579473563999804,1310,21,189,103,56.7,126.8,8.8,0.2,3.6,0,1,0
1185,1,0.7840147981866079,1311,32,195,65,56.0,119.3,6.7,6.9,2.29,0,1,1
1186,0,0.24608322412579686,1312,23,156,98,75.4,126.9,6.8,9.35,1.16,1,0,1
1187,1,0.18907295663233756,1313,71,172,119,81.9,131.8,6.1,7.14,2.98,0,1,0
1188,0,0.017108591674981858,1314,66,193,74,68.2,107.7,5.2,0.37,1.05,0,0,0
1189,1,0.9061057891022064,1315,47,181,92,46.3,112.3,7.7,3.78,4.8,0,1,1
1190,1,0.8896105910896683,1316,73,160,79,74.2,117.9,10.1,8.1,4.19,0,1,1
1191,0,0.21984575808704454,1317,55,171,82,94.8,131.6,10.1,9.59,1.77,1,0,1
1192,0,0.13833994684205111,1318,68,171,75,67.1,116.5,8.4,3.7,2.15,0,0,0
1193,1,0.6852804365973757,1319,79,192,68,67.9,93.3,6.6,8.41,4.93,1,1,1
1194,0,0.15208240524968078,1320,74,174,30,59.5,117.0,5.3,8.64,2.49,1,0,1
1195,0,0.33004095209069545,1321,19,171,76,75.8,131.0,9.1,1.23,4.13,1,0,0
1196,1,0.8382840590785184,1322,32,177,99,61.9,140.4,8.2,8.46,2.79,0,1,1
1197,0,0.33263379710819574,1323,28,178,102,82.3,124.2,7.0,3.24,4.46,1,0,0
1198,0,0.8147248723872499,1324,25,162,47,62.1,97.7,6.8,5.93,3.82,1,0,1
1199,0,0.32582286448180864,1325,43,167,113,74.1,113.9,8.4,5.39,1.09,0,0,1
1200,0,0.06888292990608413,1326,68,151,54,69.4,127.1,6.3,6.63,2.18,1,0,1
1201,0,0.6774961479088769,1327,62,178,69,88.7,133.0,7.9,7.4,3.23,0,0,1
1202,0,0.23704559548013823,1328,61,170,112,74.9,127.6,5.7,4.41,4.7,1,0,1
1203,0,0.303287971959276,1329,22,164,105,86.6,116.2,10.8,8.88,1.41,1,0,0
1204,1,0.4581769649882905,1330,23,176,73,71.3,132.9,6.5,8.09,3.4,1,1,0
1205,1,0.8245851749641573,1331,43,199,63,68.0,110.4,8.5,7.85,2.21,0,1,1
1206,1,0.43712535031413496,1332,71,180,87,69.5,122.8,5.7,4.58,4.56,0,1,0
1207,1,0.7348991525771392,1333,21,164,110,60.7,131.2,7.3,0.38,4.06,0,1,1
1208,0,0.18523737302540194,1334,36,172,118,76.4,128.6,8.8,4.92,2.48,1,0,1
1209,1,0.7221737370659016,1335,37,173,105,61.7,129.0,9.2,8.98,1.67,0,1,1
1210,0,0.10895697636458758,1336,50,193,87,71.3,128.6,8.6,1.9,1.05,0,0,1
1211,1,0.9649346891347592,1337,37,162,69,80.3,104.3,7.3,9.83,3.48,0,1,1
1212,0,0.08076339478391768,1338,66,171,64,89.0,120.3,6.5,8.08,2.62,1,0,0
1213,1,0.6295378172539188,1339,29,192,92,72.0,106.4,5.9,7.1,2.26,0,1,0
1214,1,0.8900325882753027,1340,64,186,68,80.3,115.7,9.8,6.77,4.94,0,1,0
1215,0,0.5085699522890257,1341,18,182,55,78.9,102.5,7.7,5.87,2.86,1,0,0
1216,0,0.5813016809237154,1342,43,152,99,65.4,125.2,7.9,7.21,4.0,1,0,1
1217,1,0.5549752594771936,1343,31,168,72,95.3,90.5,9.2,4.22,1.71,0,1,0
1218,0,0.06522908602174046,1344,55,172,113,63.1,129.3,8.4,8.45,1.05,1,0,1
1219,0,0.1835822223016463,1345,54,178,107,71.1,120.2,7.3,6.96,2.67,1,0,1
1220,0,0.06224938786882936,1346,79,179,103,87.4,148.5,8.6,7.71,3.66,1,0,0
1221,0,0.44780497986394924,1347,28,188,49,87.2,116.9,6.6,7.92,3.03,1,0,0
1222,1,0.5784705135793292,1348,53,193,95,70.2,116.9,5.2,0.92,4.56,0,1,1
1223,0,0.563283099234728,1349,30,196,65,81.9,130.2,9.6,0.56,2.74,0,0,1
1224,0,0.18215589031713653,1350,60,174,56,67.3,117.8,6.7,8.01,2.24,1,0,1
1225,1,0.8428060997629321,1351,20,186,94,64.1,124.1,7.0,2.59,4.66,0,1,0
1226,0,0.18156507122802135,1352,50,196,48,55.4,134.9,7.2,5.82,2.63,1,0,1
1227,0,0.21271230867556376,1353,23,157,86,78.7,116.0,6.6,4.44,2.08,1,0,1
1228,0,0.0068592752478059005,1354,67,191,82,80.0,137.9,9.2,0.22,1.39,1,0,1
1229,1,0.5607374162890119,1355,73,165,69,63.2,94.8,8.1,0.4,4.17,0,1,1
1230,1,0.9127228784024081,1356,27,157,58,73.2,144.1,7.0,8.27,4.3,0,1,0
1231,0,0.3564262190925214,1357,22,150,119,101.8,93.2,5.6,6.08,1.13,0,0,0
1232,1,0.15245749823995014,1358,40,193,76,83.8,140.3,8.0,5.24,2.43,1,1,1
1233,1,0.958891371124571,1359,27,154,55,59.2,92.0,4.0,9.44,4.0,0,1,0
1234,1,0.4859638578684293,1360,61,152,105,82.0,149.7,7.8,1.73,4.79,0,1,1
1235,1,0.7928258882509074,1362,30,153,71,45.0,105.8,7.6,7.57,4.49,1,1,0
1236,0,0.3491047776017889,1363,57,189,99,69.8,148.0,9.3,7.75,2.57,0,0,0
1237,0,0.08682997931957497,1364,19,184,98,88.8,103.7,5.7,4.05,1.72,1,0,0
1238,1,0.7065700628034718,1365,37,181,119,86.8,116.6,10.6,9.51,1.01,0,1,1
1239,1,0.5356896449406172,1366,18,191,65,74.5,159.1,9.1,9.38,2.32,1,1,1
1240,0,0.19474975410148512,1367,54,183,88,63.5,125.9,8.2,0.12,2.51,0,0,1
1241,0,0.9147967981981617,1368,26,192,49,75.8,90.0,6.6,1.72,4.78,0,0,0
1242,0,0.1464541570763416,1369,34,174,85,66.8,115.9,6.4,8.2,1.82,1,0,0
1243,0,0.6616759379872005,1370,26,159,103,63.8,114.6,7.4,3.35,2.53,0,0,1
1244,0,0.11426080619551927,1371,28,170,98,82.7,122.8,9.3,0.95,1.1,0,0,0
1245,0,0.45141514179236225,1372,32,195,118,63.7,119.3,5.5,7.85,4.05,1,0,0
1246,1,0.9070548357694035,1373,41,188,66,83.5,128.2,7.5,4.55,4.66,0,1,1
1247,0,0.2978024194452852,1374,55,176,109,62.9,97.1,8.6,4.92,1.95,0,0,0
1248,0,0.21207353938323317,1375,72,176,108,94.7,111.8,8.9,1.86,2.72,0,0,1
1249,0,0.19838010798278782,1376,52,151,115,50.3,124.7,8.6,6.61,1.49,0,0,0
1250,1,0.2690211477757973,1377,47,190,48,58.5,108.6,5.4,5.51,2.83,1,1,1
1251,0,0.011490598138421728,1378,48,197,109,68.1,136.4,9.2,2.07,1.53,1,0,0
1252,0,0.3230554138331242,1379,66,162,59,46.2,108.9,7.6,3.4,3.09,0,0,0
1253,0,0.5145905308798382,1380,22,158,66,45.0,122.1,5.9,5.97,3.94,1,0,0
1254,0,0.12486804305697441,1381,79,185,91,46.3,118.4,7.5,9.25,3.21,1,0,0
1255,0,0.19414825685425913,1382,77,171,90,66.5,104.8,4.6,9.2,1.98,0,0,0
1256,0,0.07340254548868504,1383,61,191,58,66.8,120.9,8.4,2.88,2.42,1,0,1
1257,0,0.6299160765767838,1384,67,175,94,74.0,100.3,7.3,7.36,3.55,0,0,0
1258,1,0.9187258076998789,1385,31,161,64,67.6,113.3,5.6,7.76,3.36,0,1,1
1259,0,0.0535808136450139,1386,70,166,94,73.6,120.5,7.1,8.09,1.55,1,0,1
1260,0,0.20605426430220364,1388,28,163,103,78.6,129.4,6.5,0.11,2.9,0,0,0
1261,0,0.16711887012047852,1389,26,183,87,77.1,123.9,4.1,7.62,1.65,1,0,1
1262,0,0.038653364831362405,1390,51,169,56,66.1,128.0,5.0,1.07,1.49,0,0,0
1263,1,0.7743400939737439,1391,29,160,84,76.4,120.0,7.2,1.17,4.86,0,1,0
1264,1,0.4060686727272996,1392,52,165,64,67.7,102.7,6.9,6.06,2.13,0,1,0
1265,1,0.9756042163212526,1393,52,180,82,51.7,120.0,9.0,9.84,4.63,0,1,1
1266,0,0.2081995568179475,1396,39,186,100,80.7,103.3,6.8,3.04,3.8,1,0,0
1267,0,0.5910835688781928,1398,46,196,110,69.0,114.4,7.6,5.94,2.35,0,0,1
1268,0,0.5158398309299558,1399,25,153,81,47.5,119.8,6.9,2.07,2.21,0,0,1
1269,1,0.6149005471444147,1400,28,169,93,88.5,115.6,8.4,2.62,4.47,1,1,1
1270,1,0.43524262915036127,1401,58,159,110,65.6,122.4,11.0,4.32,3.12,0,1,0
1271,1,0.1389853155489004,1402,54,173,80,77.6,138.3,6.3,1.22,2.46,0,1,1
1272,0,0.02869517150496736,1403,31,184,98,68.6,128.1,8.1,0.79,2.06,1,0,0
1273,1,0.5816781612284969,1404,77,175,70,66.7,120.8,7.5,6.8,3.36,0,1,1
1274,0,0.22840163108365116,1405,47,186,119,72.3,103.4,9.1,4.07,1.61,0,0,0
1275,1,0.7167955919516424,1408,54,189,87,69.3,113.0,5.8,6.1,3.43,0,1,1
1276,1,0.7321386197929248,1409,22,188,66,75.1,105.5,8.4,4.43,2.49,0,1,0
1277,1,0.1443444683811605,1410,36,170,64,76.0,151.5,5.9,0.58,3.02,0,1,0
1278,0,0.5359366313783984,1411,76,159,52,70.5,142.9,9.3,5.45,3.6,0,0,1
1279,1,0.9006083083698906,1412,31,187,73,77.5,118.1,8.3,0.83,4.83,0,1,1
1280,1,0.9609558115192034,1413,43,195,84,64.9,103.8,7.6,8.28,4.06,0,1,1
1281,1,0.9570905602656393,1415,21,194,99,87.8,112.6,8.5,5.57,3.99,0,1,1
1282,0,0.49125882132243304,1416,42,169,60,79.1,133.3,9.9,1.33,4.8,1,0,1
1283,0,0.21951747125994164,1417,62,166,90,46.7,112.7,6.9,2.87,3.0,0,0,0
1284,0,0.019677506994466194,1418,59,156,106,77.3,144.7,6.4,4.93,2.64,1,0,0
1285,1,0.3379041588210194,1419,42,153,51,66.0,112.2,7.4,6.33,1.31,0,1,0
1286,1,0.5633278313417313,1420,35,178,89,58.3,155.5,8.2,1.83,4.57,0,1,0
1287,0,0.03881495649055848,1421,57,163,103,65.7,122.9,6.7,0.09,1.99,0,0,0
1288,0,0.03023108400754909,1422,25,152,100,59.6,140.8,8.8,3.45,1.26,1,0,0
1289,1,0.8183844557642974,1425,31,165,97,79.9,90.0,7.0,4.92,2.63,0,1,1
1290,1,0.36374147746308627,1427,68,173,79,51.4,121.0,9.3,4.55,4.35,1,1,1
1291,0,0.16739385282051258,1428,78,183,95,63.9,101.3,7.7,3.47,2.82,0,0,0
1292,1,0.4862603518706925,1429,55,179,81,58.7,139.8,8.2,6.28,3.36,0,1,0
1293,0,0.024951408853298985,1430,50,167,101,84.8,137.3,8.6,0.43,3.14,1,0,0
1294,0,0.18563458124149232,1431,40,168,52,67.4,140.7,6.2,1.71,4.76,1,0,0
1295,1,0.5186526815328005,1432,32,180,64,72.3,99.9,8.2,4.33,3.9,1,1,0
1296,1,0.6816375779145009,1433,50,168,97,77.6,138.7,5.5,3.56,4.7,0,1,1
1297,0,0.04113426938807078,1434,42,198,56,52.5,125.8,6.5,3.92,1.88,1,0,0
1298,1,0.1785930428033856,1435,34,195,93,62.5,141.4,9.2,8.04,2.24,1,1,0
1299,0,0.25943729539910015,1437,64,171,108,63.4,122.6,7.1,2.49,3.0,0,0,1
1300,0,0.21524257070498012,1439,19,194,73,59.2,132.8,5.5,4.59,2.31,1,0,1
1301,1,0.5714859030371553,1442,57,187,94,69.2,117.4,4.0,8.25,2.79,0,1,1
1302,0,0.1261146749930139,1443,57,180,115,62.6,94.0,7.3,9.94,1.66,1,0,0
1303,0,0.05732351579036977,1444,68,185,102,81.3,111.6,5.8,1.68,2.38,0,0,0
1304,0,0.059439797165413075,1445,56,168,78,68.5,131.9,5.8,1.44,4.28,1,0,0
1305,0,0.32327048870021763,1446,68,197,64,72.5,128.5,7.1,5.03,2.54,0,0,1
1306,0,0.6058327562325445,1447,23,194,94,63.3,105.3,4.8,6.39,3.44,1,0,1
1307,0,0.5802179758184673,1448,23,185,54,88.1,139.2,6.3,1.71,3.01,0,0,1
1308,1,0.49647734463662346,1450,24,198,96,70.9,106.5,7.7,5.32,1.62,0,1,0
1309,0,0.798434326467938,1451,68,182,59,82.4,116.9,7.7,4.11,4.68,0,0,1
1310,1,0.9456086185253358,1452,25,167,47,73.4,110.7,7.0,6.02,3.57,0,1,1
1311,1,0.1380562151926857,1453,59,198,81,73.1,118.6,9.0,6.35,2.08,1,1,1
1312,1,0.046863229667380456,1454,69,177,84,46.3,124.1,7.1,0.43,1.49,0,1,1
1313,0,0.384703940351576,1455,32,196,116,78.2,109.5,7.5,10.0,1.6,1,0,1
1314,0,0.4102017646017402,1456,64,160,84,70.7,115.8,6.1,3.64,4.13,0,0,0
1315,0,0.272655843689629,1457,46,194,100,76.5,121.3,4.0,0.62,3.35,0,0,1
1316,0,0.2940024532883324,1458,50,182,67,72.2,127.1,7.3,8.52,2.52,1,0,1
1317,0,0.33321978827230436,1459,69,166,55,63.3,142.0,7.1,9.93,2.33,0,0,0
1318,1,0.7761716946200793,1460,47,155,108,80.7,119.8,10.1,8.16,4.42,1,1,1
1319,1,0.8008490187959588,1461,56,153,52,72.4,111.6,8.5,8.52,4.5,1,1,1
1320,1,0.15780487663912096,1462,44,169,100,54.5,130.4,6.9,6.26,3.33,1,1,0
1321,0,0.2143236788247002,1463,53,197,104,85.7,126.0,7.7,9.22,3.1,1,0,0
1322,0,0.6190408207906831,1464,46,196,54,52.8,117.1,8.9,0.36,4.27,0,0,0
1323,1,0.3237238518363011,1465,55,176,83,80.8,127.3,8.3,7.67,4.0,1,1,0
1324,0,0.08157145918779962,1466,74,164,72,87.8,114.3,10.0,6.71,2.6,1,0,0
1325,0,0.006647954556713376,1467,50,155,93,56.7,112.0,6.3,0.5,1.33,1,0,0
1326,0,0.23405888542092185,1468,78,196,80,68.5,91.5,9.0,5.44,4.07,1,0,0
1327,0,0.03623881730218607,1469,54,163,57,67.4,115.1,6.9,5.15,1.67,1,0,0
1328,1,0.08257372291531521,1470,44,160,80,67.9,93.6,7.8,6.92,1.07,1,1,0
1329,0,0.2783896039488749,1471,72,188,70,92.0,110.4,6.7,0.78,4.37,0,0,0
1330,1,0.8519530209911803,1472,50,158,48,56.9,128.7,7.3,8.05,3.31,0,1,1
1331,0,0.07598883417445891,1473,79,175,108,66.3,97.4,7.8,1.39,4.57,1,0,0
1332,1,0.7146087048170081,1474,21,165,82,88.0,117.2,8.4,4.19,2.94,0,1,0
1333,0,0.19330140067175536,1476,19,159,46,58.8,116.4,4.0,5.61,2.42,1,0,0
1334,1,0.817150463957213,1477,27,199,75,73.2,112.8,7.4,3.8,3.9,0,1,0
1335,1,0.5653012504216877,1478,22,152,55,79.7,124.9,9.7,0.48,2.2,0,1,1
1336,0,0.016898907539550034,1479,76,162,90,65.3,127.0,7.4,6.72,1.0,1,0,1
1337,1,0.9370090284259521,1480,27,192,106,76.7,120.0,9.7,9.87,2.52,0,1,1
1338,0,0.4620138226504324,1481,50,198,113,53.5,113.6,7.3,9.12,3.95,1,0,0
1339,0,0.05948046903807183,1482,71,179,108,54.1,133.0,5.1,7.17,1.6,0,0,0
1340,0,0.12230093844968139,1483,55,194,54,64.7,100.3,6.9,1.05,3.02,1,0,1
1341,0,0.029189646353781285,1484,30,155,84,77.1,130.3,6.7,2.39,1.85,1,0,0
1342,0,0.06205988383894782,1485,48,166,68,79.1,126.3,7.2,1.87,1.3,0,0,0
1343,1,0.40361089687552887,1486,64,194,88,55.8,123.0,5.7,3.55,3.47,0,1,1
1344,0,0.28538870675425404,1487,53,168,30,78.7,119.9,7.5,2.36,4.81,1,0,0
1345,0,0.025827109232638267,1488,62,191,106,72.0,91.7,7.0,2.44,2.24,1,0,0
1346,1,0.7009555675218786,1489,41,184,61,59.4,140.8,9.4,6.17,3.32,0,1,0
1347,0,0.07205383583501518,1490,69,195,109,54.0,132.6,5.7,3.19,4.81,1,0,0
1348,0,0.14195582567354512,1491,73,175,101,72.8,105.6,7.9,6.77,3.6,1,0,0
1349,0,0.5402514244770981,1492,32,154,99,85.5,131.4,8.1,9.48,3.69,1,0,0
1350,0,0.30731757194297044,1493,46,178,97,70.4,122.8,8.7,6.38,1.72,0,0,0
1351,1,0.6118666583791217,1494,25,186,100,58.8,111.3,7.0,7.52,2.97,1,1,1
1352,1,0.5049758216382516,1495,22,169,53,47.6,137.9,7.8,7.52,2.47,1,1,1
1353,0,0.4300620401980421,1496,46,198,66,88.4,113.5,8.0,3.31,2.88,0,0,0
1354,0,0.1323477580896168,1497,64,170,57,82.5,140.3,5.0,0.15,4.2,0,0,0
1355,0,0.13752467703479251,1498,21,159,92,73.6,128.0,7.0,0.55,2.84,1,0,1
1356,0,0.052370716242399966,1499,29,154,62,87.7,134.3,7.5,2.82,1.25,1,0,1
1357,1,0.49687103876177857,1500,62,185,84,72.7,128.7,7.6,6.9,4.62,1,1,1
1358,1,0.7866105040256658,1501,19,155,61,63.6,128.0,7.6,9.07,3.18,1,1,1
1359,1,0.9800577962891884,1502,44,175,59,76.7,123.2,8.2,9.59,4.7,0,1,1
1360,1,0.6550271734393929,1503,48,153,59,60.0,109.1,10.4,0.26,3.29,0,1,1
1361,0,0.06474122896389141,1504,68,188,107,58.1,120.9,6.6,9.9,1.28,1,0,1
1362,0,0.17635441938948623,1505,68,188,83,79.3,133.7,8.1,3.22,3.21,0,0,0
1363,0,0.8795713635603157,1506,53,199,57,80.3,130.8,9.5,8.43,3.3,0,0,1
1364,0,0.0184670207067405,1507,53,184,76,54.7,127.5,4.8,1.8,1.86,1,0,1
1365,0,0.21982350735740322,1508,43,150,53,55.2,90.0,7.9,0.63,2.88,1,0,1
1366,0,0.031143790633389987,1509,60,173,84,64.7,116.8,5.0,3.78,2.84,1,0,0
1367,1,0.917635823675196,1510,44,185,64,61.5,115.2,10.8,8.59,3.49,0,1,0
1368,1,0.3915941719044531,1511,22,155,117,75.7,103.5,8.3,2.21,2.04,0,1,0
1369,1,0.14196010979824442,1512,37,190,107,70.6,133.6,8.1,1.54,3.33,1,1,1
1370,0,0.481859937917166,1513,28,195,88,84.0,90.0,4.7,9.1,1.96,1,0,1
1371,0,0.11919767540098208,1514,79,193,82,73.8,132.5,6.7,9.38,2.79,1,0,1
1372,0,0.009672883802138642,1515,27,180,104,62.3,139.9,6.8,0.13,1.49,1,0,0
1373,0,0.22522440437868577,1516,57,169,115,47.3,116.9,10.1,7.27,1.15,0,0,0
1374,0,0.1845434959733554,1517,55,173,92,72.2,118.9,8.6,3.09,2.28,0,0,0
1375,0,0.06071149229869536,1518,23,174,62,49.5,134.5,5.0,3.75,2.1,1,0,0
1376,1,0.714585954571351,1520,40,170,99,61.3,129.9,5.2,4.27,4.85,0,1,0
1377,1,0.4973157832438772,1521,64,179,83,63.9,106.2,5.1,5.15,3.09,0,1,1
1378,0,0.26807232876709197,1522,43,173,112,54.2,101.7,8.2,5.82,3.21,1,0,0
1379,1,0.6774594001274866,1523,63,193,103,61.3,124.4,8.6,4.66,4.77,0,1,0
1380,0,0.3751411575325917,1524,60,191,106,83.8,119.6,8.2,7.02,4.68,1,0,0
1381,1,0.9826411836594624,1525,29,179,57,83.7,94.2,10.3,7.19,4.54,0,1,0
1382,0,0.2721015728535634,1526,43,171,50,88.4,141.2,8.1,4.4,1.39,0,0,1
1383,1,0.7289942061843284,1527,30,177,104,70.1,113.8,7.8,1.42,3.54,0,1,1
1384,0,0.6913460038222752,1528,57,156,35,73.3,127.7,5.7,6.41,4.23,0,0,0
1385,1,0.2554737249161497,1529,79,184,98,83.9,144.1,8.8,7.73,4.34,1,1,1
1386,1,0.8391836932307831,1530,35,177,48,52.4,123.7,5.0,6.38,3.31,0,1,1
1387,1,0.07942935689894769,1531,42,163,83,79.7,139.1,10.5,5.88,1.07,1,1,1
1388,1,0.8587075657994722,1532,50,159,116,85.6,107.1,8.8,2.29,4.89,0,1,1
1389,1,0.6658009442922841,1533,64,165,69,59.3,141.3,11.7,6.45,2.89,0,1,1
1390,0,0.11244788055500013,1534,57,165,76,86.6,107.6,8.1,3.35,2.57,1,0,1
1391,1,0.6034981389833985,1535,77,180,103,94.7,111.4,8.9,9.2,2.58,0,1,1
1392,0,0.10353388602648061,1536,60,191,107,79.3,98.2,7.1,6.54,2.7,1,0,0
1393,1,0.44496023658304806,1537,29,174,82,77.1,124.0,7.4,2.78,1.97,0,1,1
1394,0,0.11451658963845307,1538,61,162,97,56.6,129.5,5.9,4.73,2.31,0,0,0
1395,1,0.5770790379383162,1539,53,155,111,82.8,131.5,5.3,8.47,4.94,1,1,1
1396,0,0.10135679239339264,1540,65,193,72,57.7,98.5,7.8,3.35,2.47,1,0,1
1397,1,0.5499998380418757,1541,21,158,47,74.4,125.6,7.4,5.25,3.11,1,1,1
1398,0,0.6331918834252876,1542,22,194,66,75.7,126.2,5.9,6.8,4.39,1,0,0
1399,1,0.5021287371590217,1543,73,185,82,45.0,129.2,6.2,7.55,3.11,0,1,1
1400,0,0.12664886081436758,1544,54,192,116,74.9,108.4,7.5,1.74,2.3,0,0,0
1401,0,0.5203971633864292,1545,25,169,116,101.5,90.0,5.9,5.65,3.1,1,0,1
1402,0,0.09355088248607664,1546,59,167,106,45.0,130.6,8.0,9.12,1.46,1,0,1
1403,0,0.036569494882426355,1547,66,192,101,69.4,117.8,5.9,9.68,1.52,1,0,0
1404,0,0.5881076603641279,1548,45,170,50,46.6,124.2,7.9,6.56,3.78,1,0,1
1405,1,0.9647108960758953,1549,48,153,76,59.3,118.6,5.8,9.84,4.67,0,1,1
1406,0,0.1902350167198846,1550,75,199,54,46.8,123.5,5.8,5.71,3.9,1,0,1
1407,1,0.1701842015835648,1551,26,182,47,71.9,131.1,4.0,4.43,1.3,0,1,0
1408,0,0.47471211042856615,1552,71,176,103,79.5,92.1,7.3,5.52,2.61,0,0,1
1409,0,0.03854378125336239,1553,68,156,93,74.9,137.1,9.7,1.16,1.01,0,0,1
1410,1,0.6971545153447446,1554,46,155,103,58.8,117.3,9.6,4.02,3.04,0,1,1
1411,0,0.04824178398581126,1555,31,164,75,62.7,144.4,8.0,4.58,1.77,1,0,0
1412,1,0.872321654446147,1556,57,167,113,73.3,113.1,4.5,8.49,4.47,0,1,1
1413,0,0.2747243124018744,1557,58,181,106,59.2,109.8,8.8,7.59,1.42,0,0,0
1414,0,0.08580442091313274,1558,39,160,96,54.1,117.8,7.8,6.01,1.01,1,0,1
1415,0,0.19809371880438503,1560,40,173,75,58.7,115.9,9.3,1.87,1.62,0,0,0
1416,1,0.8425514908883882,1561,18,164,66,74.9,128.6,8.4,3.48,3.95,0,1,0
1417,1,0.9010795573542136,1562,63,197,48,85.6,114.2,10.4,6.8,4.68,0,1,0
1418,0,0.006854984141855367,1563,54,156,57,101.2,120.5,5.4,2.63,1.17,1,0,0
1419,0,0.030320440975641145,1564,38,170,89,74.1,153.5,5.5,4.27,2.58,1,0,0
1420,1,0.5056526638972154,1565,43,191,86,77.8,125.4,5.8,3.87,4.99,1,1,1
1421,0,0.7873404687543532,1566,63,175,93,62.8,126.6,7.1,7.66,3.93,0,0,1
1422,1,0.8419773055849005,1567,53,193,64,63.6,97.9,9.9,8.84,4.81,1,1,0
1423,0,0.022568415656769165,1568,71,163,98,85.4,140.3,6.6,6.99,1.66,1,0,1
1424,1,0.2736035647170909,1569,40,186,80,66.7,136.0,6.6,3.42,1.89,0,1,1
1425,0,0.01886954181080048,1570,74,170,45,70.9,109.3,8.1,4.33,1.62,1,0,0
1426,0,0.36213857451676307,1571,18,167,59,84.7,135.7,8.8,1.43,2.21,0,0,0
1427,1,0.137523638238192,1572,71,154,61,66.8,124.9,4.1,1.68,3.9,0,1,0
1428,1,0.009293182321492415,1574,68,172,102,76.9,139.4,6.5,1.31,3.1,1,1,0
1429,0,0.029676075294566225,1575,57,175,116,75.5,112.3,7.3,1.8,2.08,1,0,1
1430,0,0.471994061561438,1576,32,186,67,62.2,109.2,9.6,2.03,4.32,1,0,0
1431,0,0.05622345516361713,1577,38,173,90,76.1,123.1,7.2,1.12,1.03,0,0,0
1432,0,0.08818359357772923,1578,64,198,116,64.9,127.9,5.2,6.4,1.89,0,0,0
1433,1,0.5236805943318181,1579,26,168,52,75.6,134.5,5.3,9.9,3.42,1,1,0
1434,0,0.16171466689177585,1581,26,170,103,81.6,107.3,7.0,0.46,2.87,1,0,1
1435,1,0.5984365727619351,1582,27,161,57,69.6,157.9,7.6,4.23,2.74,0,1,1
1436,1,0.8114346978808288,1583,69,190,83,94.5,103.7,6.9,8.59,4.41,0,1,0
1437,1,0.3645257194716477,1584,74,182,72,66.7,120.8,9.4,1.35,3.5,0,1,1
1438,1,0.5339883703988951,1586,43,153,60,74.2,137.3,4.9,5.93,4.81,1,1,1
1439,1,0.7710748723503265,1587,58,191,46,82.9,111.5,8.7,9.31,4.93,1,1,0
1440,1,0.825032574502056,1588,52,156,61,82.8,91.9,10.4,8.76,3.61,1,1,1
1441,0,0.11330960962585616,1589,69,171,74,72.0,111.1,7.7,6.77,3.09,1,0,0
1442,0,0.2689070403260209,1590,42,182,57,74.1,132.9,7.8,6.58,3.43,1,0,0
1443,0,0.07415139647775656,1591,43,166,57,74.1,129.6,6.3,2.13,2.53,1,0,1
1444,0,0.8757465970875857,1592,28,173,87,57.1,130.1,7.1,1.17,4.95,0,0,1
1445,1,0.5201127143803866,1593,55,183,65,82.3,130.7,8.3,4.15,3.82,0,1,0
1446,0,0.3152007266758017,1594,19,177,99,54.9,140.1,9.2,1.87,2.16,0,0,0
1447,0,0.20150655801289397,1595,24,192,84,57.1,108.4,8.2,1.02,1.23,0,0,0
1448,0,0.14972032268785393,1596,35,190,59,70.7,102.0,10.2,3.02,1.18,1,0,1
1449,1,0.392572465028305,1597,44,188,117,66.2,125.6,7.6,8.6,1.82,0,1,0
1450,0,0.06393057740287272,1598,51,171,96,79.6,104.3,5.8,0.17,1.93,0,0,0
1451,0,0.2730532916354205,1599,44,198,118,75.4,101.1,5.9,2.93,2.66,0,0,0
1452,0,0.10877343402816834,1600,34,166,97,71.7,138.4,9.4,4.24,1.86,1,0,1
1453,1,0.49764915512979385,1601,60,183,96,56.5,123.8,9.0,5.11,3.52,0,1,0
1454,0,0.003571844841899516,1602,76,155,74,70.3,120.4,5.0,1.82,1.85,1,0,0
1455,0,0.07735232716282822,1603,61,195,77,69.4,120.7,7.2,9.64,1.75,1,0,0
1456,0,0.1908791915517839,1604,76,155,101,72.7,118.4,7.2,5.79,2.88,0,0,0
1457,0,0.10505385386387342,1605,68,183,96,64.8,138.3,6.4,5.22,4.55,1,0,0
1458,1,0.8431458507861155,1608,42,170,45,75.1,106.0,6.1,8.38,3.31,0,1,0
1459,0,0.19996578825928996,1609,24,154,88,79.6,124.3,5.4,2.2,2.03,0,0,0
1460,0,0.06094478421380022,1610,69,151,119,63.6,147.1,8.7,3.51,2.41,0,0,0
1461,0,0.19472979221294218,1611,23,171,53,60.7,133.0,7.9,0.21,1.86,0,0,0
1462,0,0.07231432588554677,1613,41,151,59,54.1,118.8,4.4,0.67,3.79,1,0,0
1463,1,0.9463775083405295,1614,50,159,56,83.3,100.0,7.1,8.98,3.69,0,1,1
1464,0,0.07475263273948478,1615,66,183,101,70.1,127.7,8.3,3.13,2.02,0,0,0
1465,0,0.3157190647733255,1617,60,197,116,76.6,116.4,5.8,6.79,2.02,0,0,1
1466,0,0.27256094566503836,1618,39,188,71,75.8,111.6,7.3,1.41,1.6,0,0,1
1467,0,0.15007936185166845,1619,43,171,106,70.1,116.5,8.0,4.44,2.4,1,0,1
1468,1,0.5082848689688289,1620,45,161,56,80.5,129.0,4.5,3.25,3.39,0,1,1
1469,0,0.0052574229103265245,1621,67,173,109,61.9,121.7,9.5,0.57,1.57,1,0,0
1470,1,0.483838781671376,1622,38,196,86,78.5,133.7,5.6,8.33,3.59,1,1,1
1471,1,0.4349001658666918,1623,66,189,106,57.1,119.5,6.9,0.45,4.45,0,1,1
1472,1,0.8806464510151204,1624,24,187,55,76.1,116.4,9.3,6.53,2.17,0,1,1
1473,0,0.419671385183074,1625,34,159,87,66.1,123.4,7.7,3.14,2.8,0,0,0
1474,0,0.3123713009419928,1626,37,184,61,54.3,111.9,9.1,1.92,1.91,0,0,0
1475,1,0.3210465032377633,1627,58,198,76,73.1,146.1,9.8,6.67,2.45,0,1,0
1476,0,0.08289208654932388,1628,66,181,84,69.6,132.3,5.3,5.75,1.09,0,0,1
1477,1,0.9119479055759855,1629,37,156,67,51.5,103.5,8.9,3.15,4.82,0,1,0
1478,0,0.12930129301780618,1630,71,170,100,45.0,108.8,9.5,5.13,2.66,1,0,1
1479,0,0.3700530710231158,1631,39,169,50,68.2,128.5,6.9,2.46,4.16,1,0,1
1480,0,0.07081103851342908,1633,78,153,81,73.9,124.5,4.6,3.14,4.25,1,0,1
1481,0,0.16159329896736876,1634,57,195,108,62.0,117.1,8.7,2.45,4.44,1,0,0
1482,0,0.39151247207806017,1635,66,171,98,83.0,126.8,4.0,7.52,3.86,0,0,0
1483,0,0.3092980418662186,1636,24,164,116,80.9,117.5,9.0,0.18,4.61,1,0,0
1484,1,0.19020189096842385,1637,18,189,93,85.3,128.5,5.4,2.68,1.67,0,1,0
1485,0,0.19923754431179577,1638,49,170,55,78.2,131.6,9.6,3.75,2.91,1,0,1
1486,1,0.9468222483476415,1640,47,171,65,78.8,112.3,9.0,9.5,3.38,0,1,1
1487,1,0.924764524878832,1641,40,177,110,64.3,119.8,6.3,7.16,4.44,0,1,1
1488,0,0.20393777648578845,1642,68,163,107,50.4,101.7,5.5,4.93,1.86,0,0,1
1489,0,0.038053542501964785,1643,76,176,72,63.7,147.4,4.9,6.41,1.7,0,0,0
1490,0,0.04347103043841289,1644,73,190,61,83.3,90.4,9.1,4.14,2.01,1,0,0
1491,0,0.875060184666398,1645,36,189,50,65.4,145.2,8.5,2.99,4.57,0,0,1
1492,1,0.9253186841418128,1646,79,177,63,68.3,121.4,8.5,9.51,4.76,0,1,1
1493,0,0.04517809815253291,1647,49,175,100,56.0,126.3,7.9,1.15,3.28,1,0,0
1494,1,0.45762927595160713,1648,47,198,72,63.4,117.5,8.3,3.46,3.01,0,1,0
1495,1,0.5024004783496069,1649,46,151,110,69.9,120.5,7.1,8.99,3.42,1,1,1
1496,1,0.5033499196953111,1650,66,174,82,75.9,128.8,8.1,7.23,3.47,0,1,0
1497,0,0.008091566481950287,1651,62,152,81,64.5,95.5,6.2,0.29,1.68,1,0,0
1498,0,0.13500036787974298,1652,46,157,112,63.7,110.2,7.0,0.23,3.75,1,0,1
1499,1,0.5839861235626059,1654,33,182,87,73.9,126.7,7.6,4.84,3.07,0,1,0
1500,0,0.047931906739375536,1655,57,191,80,75.4,120.1,4.5,4.43,1.12,0,0,0
1501,0,0.30511925136818385,1656,36,184,102,88.3,129.3,6.9,3.02,4.06,1,0,1
1502,1,0.944292725818641,1657,35,155,57,63.9,122.5,5.9,9.87,4.34,0,1,0
1503,0,0.20359485285876183,1658,18,188,96,69.4,135.9,7.7,2.72,3.48,1,0,0
1504,1,0.7887274576960354,1659,31,172,102,76.6,108.9,6.2,4.9,3.99,0,1,0
1505,0,0.09397743425430109,1660,68,174,76,59.5,120.9,7.2,4.05,3.09,1,0,1
1506,0,0.11116652136346325,1661,64,199,104,72.7,136.6,6.4,1.7,3.47,0,0,0
1507,0,0.011289288402783048,1662,67,192,102,70.3,133.6,7.8,2.03,2.58,1,0,0
1508,1,0.742654868991582,1664,71,154,72,71.2,104.7,8.0,8.58,2.87,0,1,1
1509,0,0.22381085714246066,1665,45,160,45,83.9,118.8,10.4,1.99,3.72,1,0,0
1510,0,0.3026702754342059,1666,66,161,86,80.0,116.5,5.8,8.76,3.49,1,0,1
1511,1,0.4937519414306958,1667,67,159,92,56.1,119.0,8.6,2.09,3.81,0,1,1
1512,0,0.5907379245716029,1668,47,157,84,51.4,131.9,4.0,6.27,4.14,0,0,0
1513,0,0.04695948671764156,1669,55,173,107,73.0,124.3,7.2,0.81,3.05,1,0,1
1514,1,0.6929219448742862,1670,68,177,116,85.1,125.2,7.8,8.8,4.25,0,1,0
1515,0,0.09194275025519062,1671,21,190,48,73.5,130.1,6.4,0.52,2.99,1,0,0
1516,1,0.7331491443057576,1672,18,185,82,70.9,136.1,4.8,5.55,4.83,1,1,1
1517,1,0.8163366790230085,1673,25,186,71,66.6,90.0,7.4,7.8,4.01,1,1,0
1518,0,0.038559664754704744,1674,46,170,35,54.1,114.2,9.8,1.17,1.68,1,0,0
1519,1,0.5635843515704808,1675,72,157,60,58.5,106.8,7.3,4.04,4.32,0,1,0
1520,0,0.1579993139353385,1676,56,158,100,50.5,127.1,8.3,0.42,3.21,0,0,0
1521,1,0.9817623146148845,1677,20,196,75,56.8,113.1,9.2,6.83,4.94,0,1,0
1522,1,0.8568163892879442,1678,49,164,58,63.7,121.1,11.2,3.07,3.88,0,1,1
1523,0,0.4199137485947044,1679,27,197,69,79.3,132.8,5.9,5.59,1.34,0,0,1
1524,1,0.830998140216017,1680,27,195,78,64.7,111.0,6.1,9.33,2.58,0,1,0
1525,0,0.08190389705263511,1681,36,189,111,73.1,125.4,7.1,3.06,3.07,1,0,0
1526,0,0.434286741018175,1682,63,167,68,71.6,143.3,8.4,0.49,4.36,0,0,1
1527,0,0.11079641195745077,1683,51,191,117,76.0,132.5,4.0,6.76,3.92,1,0,0
1528,0,0.11199773168076774,1684,77,169,70,57.6,96.2,8.5,7.87,2.48,1,0,0
1529,1,0.861253242352093,1685,50,155,64,82.7,115.6,7.7,9.58,3.61,0,1,0
1530,0,0.12043378730739111,1686,40,161,108,53.1,125.3,6.7,1.58,3.31,1,0,1
1531,0,0.009706463109815043,1687,72,151,54,64.6,128.3,8.1,3.92,1.5,1,0,0
1532,0,0.26160216743674763,1688,45,156,111,69.7,116.2,8.8,8.44,1.94,1,0,1
1533,1,0.2269193072268528,1689,49,165,68,79.1,110.4,9.0,8.07,2.36,1,1,0
1534,0,0.030010787377215197,1690,67,152,49,86.6,121.0,7.5,6.25,1.78,1,0,0
1535,1,0.13381049194641667,1691,24,194,111,79.2,103.7,8.0,2.69,1.6,1,1,1
1536,1,0.18644706965118668,1692,46,152,30,87.0,136.5,7.9,2.84,1.23,0,1,1
1537,1,0.7271280575253186,1693,25,176,71,60.0,148.0,9.3,1.24,4.49,0,1,0
1538,1,0.8425556379876978,1694,18,199,59,84.3,125.9,8.1,9.22,2.16,0,1,0
1539,0,0.06542187697779639,1695,74,192,79,82.2,116.5,8.5,1.73,2.16,0,0,0
1540,1,0.20142021240793997,1696,72,189,97,45.0,134.1,8.8,5.73,1.82,0,1,1
1541,0,0.393465554013158,1697,20,187,88,67.4,131.6,10.4,5.84,2.9,1,0,0
1542,1,0.6617771683851829,1698,41,182,70,77.2,115.9,6.6,3.7,3.06,0,1,1
1543,0,0.29876479001495776,1699,40,177,91,63.8,119.3,9.9,3.53,1.83,0,0,0
1544,1,0.6211807326628627,1700,76,150,78,57.0,110.9,11.2,6.69,3.43,0,1,0
1545,0,0.10646742807623755,1702,25,186,56,71.3,124.5,7.2,2.55,2.5,1,0,0
1546,1,0.3419796844563085,1703,71,181,48,71.7,108.3,6.9,3.99,3.34,0,1,0
1547,0,0.5441393693740174,1704,74,197,92,54.3,103.9,8.5,8.08,3.01,0,0,0
1548,0,0.062257739216497424,1705,64,192,99,62.7,100.1,4.7,9.66,1.78,1,0,0
1549,1,0.9310061206979743,1707,20,153,110,82.9,119.8,7.1,7.82,4.21,0,1,0
1550,1,0.9625968299907781,1710,45,195,65,76.7,106.5,6.8,9.88,4.71,0,1,0
1551,0,0.1523862923354987,1711,64,168,93,67.0,103.9,8.7,4.38,2.82,1,0,1
1552,1,0.36907507254116717,1712,25,181,106,72.8,123.6,8.3,0.66,2.06,0,1,1
1553,1,0.46525376428333115,1713,51,158,82,72.8,94.1,10.1,9.57,2.63,1,1,0
1554,0,0.5634893669815467,1716,41,195,90,75.1,99.8,7.2,9.82,2.43,1,0,1
1555,1,0.5265416641395539,1717,31,165,69,85.1,113.6,7.1,3.46,1.93,0,1,1
1556,1,0.25642595123023026,1718,49,150,65,77.7,90.0,7.9,3.72,3.51,1,1,0
1557,0,0.5610381911114422,1719,73,194,49,66.0,116.5,9.1,6.1,4.68,1,0,1
1558,0,0.010059883894139587,1720,63,170,114,68.8,149.5,7.8,2.74,1.73,1,0,1
1559,1,0.36180119973009295,1722,33,162,112,71.3,110.8,7.5,1.53,2.91,0,1,0
1560,1,0.22833374945997084,1723,21,183,62,65.5,152.7,8.7,1.08,4.2,1,1,0
1561,0,0.1948159968125856,1724,69,153,65,62.4,93.9,6.6,5.35,3.02,1,0,1
1562,0,0.09415254014222377,1725,54,177,67,73.3,126.8,5.3,5.55,2.51,1,0,1
1563,1,0.3379463989953144,1726,71,187,108,59.7,121.0,8.5,1.07,3.79,0,1,1
1564,1,0.8694568941351554,1727,38,180,111,85.4,116.3,8.1,9.64,4.6,1,1,1
1565,1,0.5607784974924122,1728,31,176,84,57.5,132.1,9.5,5.73,2.28,0,1,0
1566,0,0.3667697981447581,1729,48,154,54,87.7,102.3,4.0,1.51,2.84,0,0,1
1567,1,0.04966476198336649,1730,72,174,96,66.6,124.7,7.3,3.11,1.92,0,1,0
1568,0,0.33119091016959396,1731,65,152,116,57.1,122.8,7.7,8.0,1.73,0,0,1
1569,0,0.5019072253253289,1732,35,182,119,72.3,106.9,5.2,5.23,4.11,1,0,1
1570,0,0.23636631984742018,1733,24,153,105,58.6,149.2,7.4,1.88,1.8,0,0,1
1571,0,0.28218059938952655,1734,27,174,108,70.4,117.3,9.3,1.03,4.17,1,0,0
1572,0,0.8983010785524158,1735,24,169,49,63.1,117.9,10.6,4.31,2.72,0,0,1
1573,0,0.44594533500771605,1736,50,183,97,81.3,104.6,9.0,3.37,4.98,1,0,0
1574,1,0.3405184639694272,1737,40,175,99,71.6,117.5,7.0,6.56,1.79,0,1,0
1575,0,0.37704442900066426,1738,38,154,81,55.7,155.0,9.4,9.25,1.37,0,0,0
1576,0,0.028520669302658123,1739,36,184,100,62.8,116.2,8.9,2.48,1.3,1,0,0
1577,1,0.8364545648257359,1740,65,177,103,78.5,127.8,6.8,8.55,4.34,0,1,1
1578,0,0.08249361517582095,1741,78,178,113,85.4,134.3,6.6,9.2,2.75,1,0,1
1579,1,0.34411717101280626,1742,36,158,117,69.5,117.3,7.2,9.02,1.01,0,1,0
1580,0,0.5286554769317294,1743,53,187,103,57.5,113.9,5.9,9.52,4.5,1,0,0
1581,1,0.7696286042364998,1744,46,199,46,82.6,127.1,7.0,8.42,4.51,1,1,1
1582,0,0.24499344987108157,1745,77,155,109,78.4,116.4,8.2,5.93,4.23,1,0,1
1583,0,0.0789583534340752,1746,35,168,104,85.7,115.0,9.1,4.1,1.99,1,0,0
1584,1,0.7045329123923363,1747,19,193,95,73.5,134.1,6.9,4.92,2.49,0,1,1
1585,1,0.9877534087760254,1748,18,160,74,63.8,119.0,9.6,8.73,3.98,0,1,1
1586,0,0.33310475615316415,1749,64,151,55,76.2,138.2,8.5,3.01,2.96,0,0,1
1587,0,0.05239591588718811,1750,22,196,83,73.9,118.6,8.5,1.59,1.62,1,0,0
1588,0,0.028908987424770247,1751,37,193,116,63.1,100.2,6.1,1.41,1.97,1,0,0
1589,1,0.9883113651874458,1752,28,193,107,72.4,90.0,10.2,8.27,4.89,0,1,0
1590,1,0.903173439787163,1754,19,170,105,78.9,95.0,7.0,4.98,3.9,0,1,0
1591,1,0.24580736226942612,1755,20,173,98,75.9,124.0,6.7,2.75,2.91,1,1,1
1592,1,0.635682711594523,1756,40,183,117,57.4,105.4,7.0,6.78,3.99,1,1,1
1593,0,0.06723523267508129,1757,72,171,102,56.2,90.4,6.0,0.38,3.64,1,0,1
1594,1,0.9601125032112237,1760,22,177,75,79.1,126.9,7.9,9.78,4.02,0,1,0
1595,0,0.7303979478694964,1762,55,175,45,87.5,128.2,8.5,5.52,4.15,0,0,0
1596,1,0.8832096913338978,1763,47,197,99,64.4,90.0,8.7,7.12,3.72,0,1,0
1597,0,0.7285351532556037,1764,26,170,66,63.7,120.7,6.5,4.85,3.31,0,0,0
1598,0,0.2631001205064739,1765,51,177,30,58.5,118.2,7.4,2.25,2.48,0,0,0
1599,0,0.2717081783085701,1766,70,175,45,79.0,101.7,5.3,5.37,1.82,0,0,1
1600,0,0.6065930286081531,1767,61,182,109,70.3,90.0,10.1,9.44,3.84,1,0,0
1601,0,0.25911963548839706,1768,52,170,107,47.8,118.4,9.1,4.1,1.37,0,0,1
1602,1,0.5669996223656619,1769,69,184,98,72.4,136.0,5.4,6.8,4.88,0,1,0
1603,1,0.9540074007918894,1770,75,183,86,73.2,90.0,6.2,9.78,4.91,0,1,1
1604,0,0.15746678223364863,1771,39,190,65,68.3,107.5,7.3,8.3,1.52,1,0,0
1605,0,0.029190137983832295,1772,61,196,66,73.6,122.0,7.6,6.59,1.42,1,0,0
1606,1,0.23816962993938243,1773,41,167,82,55.4,136.9,6.5,7.36,2.65,1,1,1
1607,1,0.8073896998053824,1774,34,160,52,89.7,115.3,5.8,9.36,4.85,1,1,0
1608,0,0.26365131599968644,1775,27,172,106,74.6,149.0,8.1,9.6,2.6,1,0,0
1609,1,0.8315116207299256,1777,73,171,61,69.9,90.0,7.6,6.26,3.81,0,1,1
1610,0,0.006318747363799318,1778,76,166,61,74.9,135.3,7.1,3.85,1.71,1,0,0
1611,0,0.0718113234685418,1779,63,154,57,56.6,90.0,6.9,1.33,2.45,1,0,1
1612,0,0.09356814192088729,1780,40,193,61,76.4,126.9,5.9,3.86,2.17,1,0,1
1613,1,0.34503018911952466,1781,49,160,82,90.2,115.6,6.5,9.43,3.41,1,1,0
1614,1,0.4588429335899759,1782,34,179,89,62.3,106.5,9.2,8.9,1.65,1,1,1
1615,0,0.056075541363423596,1783,67,164,50,75.1,113.6,4.4,5.24,3.19,1,0,0
1616,0,0.8498485124861045,1784,68,176,79,72.5,100.7,7.6,5.37,4.43,0,0,1
1617,0,0.5681190798852636,1785,34,184,58,81.6,115.2,7.5,3.09,3.06,0,0,0
1618,0,0.2741956451359316,1786,31,182,116,68.7,120.3,7.7,4.55,3.73,1,0,0
1619,0,0.13583614403780708,1787,26,169,105,57.2,113.8,8.6,7.14,1.3,1,0,0
1620,1,0.5478000940279115,1788,57,165,59,80.9,111.2,7.6,4.02,2.8,0,1,1
1621,1,0.434036011574664,1790,62,151,71,91.7,144.9,6.5,5.41,3.4,0,1,1
1622,0,0.30957330085621676,1791,42,184,57,76.7,116.0,9.4,2.25,2.12,0,0,0
1623,0,0.5345523936235055,1792,56,189,75,62.8,132.3,9.1,9.74,2.15,0,0,0
1624,0,0.17775571095237475,1794,71,196,104,69.9,100.0,7.1,9.1,2.24,1,0,1
1625,0,0.3638427753999876,1795,39,188,50,67.3,126.8,6.5,2.26,3.03,0,0,0
1626,0,0.227049979828314,1796,60,155,113,61.8,116.5,8.2,1.89,3.34,0,0,0
1627,0,0.15930630294573273,1797,63,158,102,47.5,136.9,8.1,6.17,1.27,0,0,1
1628,1,0.8752142536101423,1798,21,169,93,77.3,139.9,8.5,7.79,3.61,0,1,0
1629,0,0.17227383436774643,1799,43,150,67,50.5,132.6,8.8,5.67,2.96,1,0,0
1630,0,0.2331974432948419,1800,75,157,78,60.5,132.3,8.4,2.3,3.15,0,0,1
1631,1,0.8608990389314889,1801,46,172,70,75.2,90.0,9.1,0.38,4.33,0,1,1
1632,1,0.4769110190341317,1802,62,152,91,64.0,126.7,9.3,6.18,2.37,0,1,1
1633,1,0.09747297369656999,1803,51,153,49,71.9,132.9,9.3,1.31,1.7,0,1,0
1634,0,0.2463271789367144,1804,40,174,64,55.4,100.9,4.1,3.43,3.21,1,0,1
1635,1,0.8890922095802608,1805,54,196,50,65.8,120.1,7.8,6.76,4.78,0,1,0
1636,0,0.087175187372312,1806,28,187,114,72.0,104.4,6.1,0.98,3.07,1,0,0
1637,1,0.8501236561974181,1807,23,164,103,58.6,135.4,9.1,1.27,4.33,0,1,1
1638,0,0.5953837973442297,1808,35,170,108,90.2,105.7,4.1,0.62,4.03,0,0,1
1639,1,0.6773422834795491,1809,38,184,62,62.4,108.1,9.7,9.96,3.07,1,1,0
1640,1,0.6424146415221916,1810,59,195,48,86.5,113.0,6.2,3.87,3.59,0,1,1
1641,0,0.16342152949265462,1811,53,163,61,68.0,153.7,5.9,9.06,2.63,1,0,1
1642,0,0.050852620269601315,1812,58,185,58,51.2,135.1,8.0,2.94,3.12,1,0,0
1643,1,0.6480093243764418,1813,55,161,57,56.4,144.2,6.9,7.53,3.03,0,1,1
1644,1,0.8755649756371016,1814,51,166,51,72.1,92.8,10.2,2.19,3.84,0,1,1
1645,1,0.4540040167840927,1815,34,188,88,82.4,101.0,9.5,4.98,2.64,1,1,1
1646,0,0.031609900959596676,1816,54,158,59,91.2,140.1,6.7,8.25,1.4,1,0,0
1647,1,0.9814343291120777,1817,42,184,63,71.5,93.6,9.1,8.16,4.15,0,1,1
1648,0,0.47274912418649734,1818,55,162,107,55.9,109.9,6.7,7.94,3.74,1,0,1
1649,0,0.5864327125625344,1819,75,164,79,73.3,150.8,6.7,8.24,4.8,0,0,0
1650,0,0.5563536472047925,1820,29,167,79,60.1,105.5,8.6,2.11,2.71,0,0,0
1651,0,0.4563515762786849,1821,40,182,63,74.7,92.7,9.7,4.82,1.31,0,0,0
1652,1,0.7401376248542973,1823,59,176,79,45.0,93.3,7.0,8.91,4.09,1,1,1
1653,0,0.015277695091901302,1824,39,172,76,85.8,138.6,8.0,2.97,1.27,1,0,0
1654,1,0.9522891782014519,1825,38,176,92,67.3,106.6,6.2,9.31,4.63,0,1,0
1655,1,0.23312924068670732,1826,44,183,88,70.6,103.6,9.8,4.51,2.13,1,1,1
1656,0,0.623229593196137,1827,74,195,68,82.0,120.4,6.1,6.7,4.6,0,0,0
1657,1,0.061696063424443864,1830,44,185,115,71.2,127.8,7.8,7.1,1.86,1,1,0
1658,1,0.5897619994570236,1831,57,157,94,75.6,116.7,10.4,5.13,3.38,0,1,0
1659,0,0.18206189116377244,1832,51,184,109,66.5,102.6,7.2,9.31,1.37,1,0,1
1660,0,0.4132750423295343,1833,29,168,76,70.4,131.0,11.3,7.37,1.81,1,0,1
1661,0,0.4822402868669514,1835,74,163,57,60.6,107.0,6.4,8.87,3.96,1,0,1
1662,0,0.10615130262140364,1836,70,169,114,70.3,122.1,6.3,6.66,1.1,0,0,1
1663,0,0.253668539083446,1838,27,174,58,76.2,125.9,5.5,2.46,1.28,0,0,1
1664,1,0.05581626050945597,1839,62,189,81,75.2,122.9,6.5,3.95,2.51,1,1,1
1665,0,0.33873095661685954,1840,34,173,112,53.9,136.8,6.0,6.83,1.32,0,0,1
1666,1,0.6228157150600588,1841,43,163,84,84.8,112.5,4.0,8.92,4.08,1,1,1
1667,0,0.23492402803874882,1842,38,175,103,83.8,139.9,8.8,3.16,1.57,0,0,1
1668,1,0.8409870396893072,1843,45,187,60,68.8,127.9,8.7,2.15,4.54,0,1,1
1669,0,0.04290234865266218,1844,79,172,106,75.5,119.6,8.0,5.94,3.12,1,0,0
1670,0,0.06628240262254977,1845,75,171,48,67.4,147.3,5.8,0.67,4.79,1,0,1
1671,1,0.5549811223866808,1846,63,197,89,79.0,121.4,10.0,7.15,2.16,0,1,1
1672,1,0.9272519589317627,1847,19,168,72,60.2,112.2,7.2,7.03,2.82,0,1,1
1673,1,0.31115901686463016,1848,77,195,110,86.1,121.9,6.3,3.55,3.78,0,1,1
1674,1,0.904110377550573,1849,71,152,75,78.4,111.9,7.8,8.93,4.33,0,1,1
1675,0,0.3211498088419434,1850,60,191,47,78.7,125.6,7.8,5.02,2.69,0,0,0
1676,1,0.8897906251626944,1851,18,168,52,68.7,139.8,4.0,6.46,4.57,0,1,0
1677,0,0.04439764502851562,1852,68,158,68,53.0,119.9,7.5,2.1,1.47,0,0,0
1678,0,0.09239989161943421,1853,70,177,59,80.6,121.4,7.7,4.17,3.83,1,0,0
1679,0,0.1964632876486291,1854,53,169,87,53.4,132.0,6.9,8.62,2.39,1,0,1
1680,0,0.017258676985441538,1855,68,194,75,80.8,137.8,5.5,2.13,1.41,0,0,0
1681,0,0.04728169653507979,1856,43,156,117,60.7,113.2,5.6,3.91,2.55,1,0,0
1682,0,0.0986040478613291,1859,28,168,52,84.2,124.9,6.8,2.9,2.57,1,0,0
1683,1,0.4201822449591693,1860,57,196,115,58.4,92.1,8.1,2.33,4.55,1,1,1
1684,1,0.8821948392209669,1861,28,163,101,89.2,134.7,6.8,9.24,3.04,0,1,1
1685,1,0.6736956803531716,1862,53,187,74,77.9,127.8,6.2,7.41,3.87,0,1,0
1686,0,0.009617936953185963,1863,66,185,118,71.9,128.9,7.8,3.16,1.18,1,0,1
1687,0,0.472621188469321,1864,76,189,62,64.8,102.1,5.8,7.63,3.23,0,0,0
1688,0,0.018736623851798487,1866,57,179,83,75.2,132.7,5.3,5.27,2.07,1,0,0
1689,0,0.3584730727883248,1867,52,158,104,80.2,106.8,7.9,2.5,3.27,0,0,0
1690,1,0.816887529858639,1869,51,174,89,60.3,132.9,7.6,8.84,3.24,0,1,1
1691,1,0.33202004132244856,1870,72,163,67,67.4,110.0,9.7,1.99,4.74,1,1,1
1692,0,0.16751526877812212,1871,64,160,113,86.7,116.9,4.0,8.22,4.24,1,0,0
1693,0,0.16333740463469387,1872,41,184,50,55.4,104.5,8.1,4.13,1.62,1,0,1
1694,0,0.007556799202132885,1873,71,190,100,83.7,147.3,7.1,0.14,2.56,1,0,1
1695,0,0.8519105657262843,1874,39,163,48,70.5,127.8,8.4,7.33,3.67,0,0,0
1696,1,0.8890408814630341,1875,22,179,67,50.2,116.2,7.6,5.96,4.75,1,1,1
1697,0,0.37805602609676087,1876,73,190,50,64.5,113.4,7.4,3.44,4.95,1,0,1
1698,1,0.5607907990093899,1877,50,153,76,77.3,101.6,5.7,2.82,4.05,0,1,0
1699,0,0.09202453815841485,1878,75,153,62,91.6,118.3,6.5,0.74,3.3,0,0,0
1700,1,0.40807425550045273,1880,64,157,84,45.0,107.9,8.4,4.94,2.09,0,1,1
1701,0,0.31132589124229126,1881,37,151,117,54.3,121.6,9.1,0.86,2.13,0,0,1
1702,1,0.4506431069076632,1882,36,190,118,83.6,114.5,7.0,8.69,3.62,1,1,0
1703,0,0.2678843059842437,1884,69,171,107,88.0,110.4,8.7,2.04,4.88,1,0,1
1704,1,0.10481559115619468,1885,60,190,111,84.6,131.7,4.6,2.81,2.37,0,1,1
1705,1,0.538441363005054,1886,34,165,55,72.3,140.9,6.5,5.65,4.19,1,1,1
1706,0,0.3746207623591257,1887,79,178,87,62.5,114.3,7.0,0.74,4.41,0,0,1
1707,1,0.6309342044872832,1888,76,198,61,70.7,111.2,8.9,4.82,3.49,0,1,1
1708,1,0.45891510369435706,1889,62,197,48,77.3,133.8,8.1,8.96,2.39,0,1,0
1709,0,0.3161731983178879,1890,60,179,107,75.5,93.3,6.8,1.88,3.48,0,0,0
1710,0,0.31276853898965784,1891,51,161,112,90.9,126.5,8.1,3.31,3.34,0,0,0
1711,1,0.5770034647524102,1892,26,184,85,66.9,96.4,7.0,3.96,3.43,1,1,1
1712,1,0.848238732180585,1893,43,160,49,54.4,138.3,9.1,5.86,3.48,0,1,1
1713,1,0.9791680375953963,1894,19,195,76,52.3,116.2,7.9,9.19,4.39,0,1,0
1714,0,0.09720353070979006,1895,70,199,114,49.9,118.6,10.1,3.95,1.68,0,0,0
1715,0,0.3383526533585412,1896,26,170,79,72.4,109.1,7.1,0.69,2.47,0,0,0
1716,1,0.8531803136977275,1897,26,170,66,67.2,96.3,9.3,3.48,3.34,0,1,0
1717,0,0.008465329888079404,1898,57,154,109,70.4,139.0,7.6,1.9,2.13,1,0,0
1718,1,0.970685438117583,1899,34,197,66,63.6,117.4,6.5,6.52,4.91,0,1,1
1719,1,0.3317980718188343,1901,42,186,47,77.4,107.8,9.5,2.92,2.88,1,1,1
1720,0,0.4014474821617293,1902,78,152,53,45.0,110.3,7.9,5.45,4.51,1,0,1
1721,0,0.16722897004749307,1903,60,193,104,60.4,106.5,8.6,2.77,1.32,0,0,1
1722,1,0.6727432670214788,1904,57,182,58,79.4,117.4,5.9,5.51,4.28,0,1,0
1723,0,0.017710618863393087,1905,59,158,62,59.2,143.6,5.9,1.15,3.28,1,0,0
1724,0,0.5144279628291328,1906,42,158,117,74.7,135.2,9.2,9.43,1.13,0,0,1
1725,0,0.7509962389111019,1907,56,153,67,60.4,97.4,7.5,2.91,4.61,0,0,0
1726,0,0.31369048044295467,1908,52,184,118,64.5,138.1,7.3,9.23,1.16,0,0,1
1727,1,0.7347736046268297,1909,20,166,91,76.9,130.2,7.1,3.26,3.06,0,1,1
1728,0,0.10209091038038315,1910,67,183,113,54.7,127.2,7.7,7.82,1.2,0,0,0
1729,0,0.8480521018802973,1912,61,181,74,70.6,110.9,4.5,6.7,4.55,0,0,1
1730,1,0.2867677662877856,1913,61,150,69,85.1,122.1,9.6,3.24,4.06,1,1,1
1731,0,0.13197608307083034,1914,68,157,72,72.5,111.7,7.3,5.09,1.79,0,0,0
1732,1,0.7376425358382748,1915,47,194,69,57.2,139.7,10.2,6.74,3.48,0,1,0
1733,1,0.7423462151656863,1916,55,172,118,90.7,111.1,4.9,5.89,4.18,0,1,1
1734,1,0.9090110476235578,1917,51,196,102,58.2,90.8,4.9,5.76,4.56,0,1,1
1735,1,0.4407102387160649,1918,29,189,85,67.3,100.5,7.1,0.66,2.87,0,1,0
1736,1,0.8753696075217838,1919,36,161,69,81.5,101.4,9.0,2.49,4.59,0,1,0
1737,0,0.08823535721379858,1920,54,161,92,47.4,116.0,5.7,5.72,3.03,1,0,0
1738,0,0.1694448797638464,1921,61,195,54,87.3,123.2,5.6,0.18,3.75,0,0,0
1739,0,0.6025261337439556,1922,76,196,119,56.2,120.8,8.1,2.51,4.92,0,0,1
1740,1,0.08987373627076564,1923,76,164,55,64.5,126.9,7.0,2.29,1.94,0,1,1
1741,0,0.16199879763784253,1924,66,190,65,73.5,116.2,8.3,2.5,1.67,0,0,1
1742,0,0.12155604229672362,1925,78,168,89,69.5,116.7,7.1,5.36,2.37,0,0,0
1743,1,0.4538973681873376,1927,27,178,108,50.8,138.1,9.5,9.09,2.14,1,1,1
1744,1,0.7395059461712978,1931,64,187,98,50.9,107.7,8.4,9.13,2.47,0,1,1
1745,0,0.8308210826121611,1932,29,169,119,52.4,113.5,9.6,8.33,1.78,0,0,1
1746,0,0.12970418900713587,1933,79,178,60,65.9,107.8,6.7,6.88,2.79,1,0,1
1747,0,0.9107445529408225,1934,33,153,62,53.7,96.8,8.5,3.56,3.5,0,0,1
1748,0,0.015024426604829529,1935,41,156,103,48.4,126.3,6.8,2.41,1.56,1,0,0
1749,1,0.5335613602160619,1936,36,177,60,65.4,140.8,8.4,2.22,4.89,1,1,1
1750,1,0.9080045459860389,1937,25,177,50,72.8,119.8,4.1,9.52,2.77,0,1,1
1751,1,0.5982582388024438,1939,38,171,91,76.6,119.4,8.1,7.25,1.54,0,1,1
1752,1,0.9475836627534001,1940,34,161,92,91.0,113.4,9.5,8.84,4.07,0,1,0
1753,1,0.6536392618974005,1941,40,194,86,69.5,133.8,8.9,9.19,3.47,1,1,1
1754,0,0.49808533949663775,1942,54,152,104,76.7,98.6,7.3,5.12,4.28,1,0,1
1755,0,0.2200417634324982,1943,71,171,48,68.2,92.0,7.9,6.29,3.4,1,0,0
1756,0,0.8797947295574641,1945,23,151,103,61.8,132.8,10.0,4.18,3.51,0,0,1
1757,1,0.45420713553586445,1946,25,173,71,63.4,121.3,8.5,0.38,4.14,1,1,1
1758,1,0.41076293018926574,1947,42,183,71,79.6,125.6,4.7,4.34,4.51,1,1,1
1759,0,0.2665696796789312,1948,35,176,116,72.5,145.2,7.9,6.73,3.86,1,0,0
1760,0,0.1229623375916247,1950,29,150,107,81.5,138.1,6.3,8.72,2.09,1,0,0
1761,0,0.39975667927236036,1951,32,157,90,69.5,114.1,7.6,3.33,4.42,1,0,0
1762,0,0.010186476382205255,1952,76,172,107,69.4,111.8,6.2,1.33,2.92,1,0,0
1763,1,0.7610246544920971,1953,43,187,56,72.8,121.2,5.4,8.12,3.48,0,1,0
1764,0,0.06015265089769421,1954,58,155,57,49.2,123.6,6.6,6.74,1.32,1,0,1
1765,0,0.0834014278269352,1955,62,171,87,50.9,116.8,7.8,2.42,2.99,1,0,1
1766,1,0.8677154209243488,1956,43,174,61,83.0,129.2,8.9,5.36,3.79,0,1,1
1767,1,0.4560437692881419,1957,64,167,107,61.9,121.3,7.6,4.02,3.34,0,1,1
1768,1,0.766015287083334,1958,49,166,80,68.4,117.0,8.9,9.39,2.79,0,1,0
1769,1,0.36672285192927156,1959,27,161,52,89.3,113.8,8.5,6.07,1.89,1,1,1
1770,1,0.9131207551253363,1961,24,175,80,67.5,99.7,8.5,5.02,3.8,0,1,0
1771,1,0.8679528821861193,1962,34,176,72,80.8,103.9,8.5,8.63,1.9,0,1,1
1772,0,0.9241723572608221,1963,40,157,91,62.8,114.5,10.1,6.71,3.49,0,0,1
1773,1,0.35121887552545833,1964,43,168,74,84.4,128.2,8.1,8.42,3.36,1,1,0
1774,0,0.7508124258112946,1965,38,191,67,80.5,152.1,5.6,2.5,4.88,0,0,1
1775,1,0.6164712090315688,1966,39,150,60,92.0,117.6,6.7,8.88,1.24,0,1,1
1776,0,0.026287923025750806,1967,75,178,58,61.7,93.4,4.7,7.56,1.43,1,0,0
1777,1,0.9224369815028821,1968,24,194,118,86.4,108.1,8.3,7.29,3.02,0,1,1
1778,1,0.3037356521419131,1969,31,198,115,76.6,129.9,10.0,3.47,3.11,1,1,1
1779,0,0.5875978744900304,1970,32,184,96,54.1,105.4,4.0,8.88,1.16,0,0,1
1780,1,0.6160112597451184,1971,70,189,81,45.0,100.4,10.0,6.38,4.3,1,1,1
1781,1,0.6786558720180169,1972,24,163,73,60.4,129.8,8.2,8.52,2.98,1,1,1
1782,0,0.29946642901492615,1973,26,184,111,73.5,127.0,5.9,3.61,2.39,0,0,0
1783,0,0.05103576809558179,1974,68,197,59,75.2,97.9,7.9,1.46,2.28,1,0,1
1784,1,0.6857402429132774,1975,65,194,91,69.3,106.6,5.9,3.32,4.45,0,1,1
1785,0,0.13401692078512217,1976,25,169,90,69.4,138.7,8.2,4.55,1.79,1,0,1
1786,0,0.01223759063388097,1977,67,198,96,68.5,132.8,7.6,5.33,1.64,1,0,0
1787,0,0.14791694268622219,1978,76,162,63,82.4,102.0,8.0,5.11,1.85,0,0,0
1788,1,0.8108942600581521,1979,40,187,65,52.8,90.2,6.1,5.46,3.5,0,1,0
1789,1,0.910630374576022,1980,46,198,108,73.2,124.0,6.3,8.42,4.24,0,1,1
1790,0,0.5028100363974195,1981,35,195,81,60.1,115.6,8.3,1.7,2.32,0,0,1
1791,0,0.24511126805153197,1982,48,198,71,59.1,122.7,6.7,3.16,1.69,0,0,1
1792,0,0.05479318269505894,1985,56,169,64,68.3,113.5,7.2,5.83,1.98,1,0,0
1793,1,0.9256044700101286,1986,52,182,69,93.5,106.5,9.2,4.78,4.51,0,1,1
1794,0,0.46689751366711624,1987,35,175,114,80.1,107.1,7.2,5.49,1.42,0,0,1
1795,0,0.012825423087738924,1988,76,188,107,64.5,128.5,7.2,1.98,1.13,0,0,0
1796,0,0.016229241232631524,1989,59,170,80,65.5,122.2,6.6,5.47,1.35,1,0,0
1797,1,0.9677414092575592,1990,56,198,46,55.3,96.6,9.1,9.97,4.38,0,1,0
1798,0,0.6940726272132648,1991,34,191,66,85.6,130.9,6.4,5.66,3.6,0,0,0
1799,1,0.8429859740261721,1992,31,192,60,82.1,114.7,9.4,0.44,4.83,0,1,0
1800,0,0.2489462243352147,1993,48,190,62,78.2,131.6,7.7,7.96,2.35,1,0,1
1801,0,0.1929041972391738,1994,41,158,113,79.6,104.8,11.5,3.96,1.85,1,0,1
1802,1,0.8393563759261253,1996,61,186,74,51.4,123.8,9.4,8.63,3.15,0,1,1
1803,0,0.07772659571538787,1997,77,198,89,76.7,103.6,8.3,1.98,3.36,1,0,1
1804,0,0.12365581922748257,1998,62,190,63,80.7,115.9,6.7,9.21,2.39,1,0,0
1805,0,0.057869567163080574,1999,51,166,78,89.3,101.8,8.3,4.42,1.02,1,0,1
